packet_rate,inter_arrival_time,jitter,packet_loss,rejection_rate,retransmissions
10.457075619631647,0.10567816038542077,0.01090046690815361,0.004729100201018606,0.002197475744004283,1.0
8.440023840639256,0.12518410834618485,0.009786628151013088,0.007450615945532836,0.0012099539697798924,0.0
11.125676793709687,0.1051922696406849,0.013456174504296921,0.016359686646794633,0.009347267851166968,0.0
11.41084707458682,0.07742922176893008,0.012426932709646905,0.007384910563462607,0.006944803794052868,0.0
7.073447217019245,0.13840421881717443,0.0,0.0028840569613809387,0.006516626417161753,0.0
8.046730739706522,0.11975975311558393,0.012180968817713828,0.01831943271389915,0.0009272728034304334,0.0
10.191760604750929,0.08378726733720489,0.0059860823619836655,0.0016608112332503415,0.00503350499349232,0.0
9.525636111484626,0.11427350632190923,0.004313085034205204,0.001508052167881746,0.0032984109147087292,0.0
9.974798263743567,0.09810730377383604,0.009246106358505745,0.02692992275443726,0.005678155215633172,0.0
8.72043410863963,0.1216632224153124,0.011643884436120047,0.012747157314375902,0.0006290078077063542,0.0
11.319096962294243,0.1067026226624027,0.0034370615588527028,0.0011702340984202262,0.004582714283238338,0.0
11.166687903143423,0.08705679586586548,0.012818305668230206,0.007962424569426049,0.004876381439909917,1.0
10.099046046341824,0.09573864891478123,0.013053355390126399,0.029326814949029178,0.00033927793126814037,0.0
11.690861810452049,0.0863527730173982,0.010187904785197991,0.007012534144080115,0.009507053397878926,0.0
10.701264013378069,0.10112660034207342,0.006529505479091806,0.005642517678000083,0.013905799838496683,0.0
8.711061305675143,0.10970825382399466,0.006082487983242832,0.013508874342241281,0.01723907612285007,1.0
10.553126176123747,0.09009423833946678,0.01410372852632091,0.0055809478424079535,0.01909103937161547,0.0
8.561676098756502,0.12710765997463955,0.003955109254016381,0.0067544225365056354,0.02262063887210789,0.0
11.317675451960909,0.09107476129940127,0.014257881843276714,0.01437872271932796,0.013823205700063125,2.0
9.925111133520621,0.08555068386898107,0.009339203363478253,0.0015909827627869574,0.0019277629061589553,0.0
9.72270645468211,0.09324774850092828,0.009616662001428572,0.00881616576988978,0.0017791734723335338,0.0
8.978605683394088,0.12558835652864192,0.0031676491783467,0.004528116193506894,0.007427827704194993,2.0
11.833812008011046,0.08726493168682943,0.009413133479485653,0.015536175922029164,0.009009676351954373,0.0
9.768205776896798,0.09631718941582255,0.012454342064045503,0.02778569296889703,0.011474045317739781,0.0
9.357508266755339,0.10541906079040615,0.004654359648592075,0.00011806978012610385,0.003714120960576263,0.0
9.471799674267656,0.10568841499172779,0.011994543469007381,0.0021370948477112024,0.018310717599563358,1.0
10.798463778330023,0.098220020226246,0.01035604901471609,0.04849106696363936,0.013079416289762436,0.0
10.548166096546117,0.08504173978814775,0.007424977544670773,0.008119177150500454,0.007469518000143538,2.0
10.619098917393982,0.0880429869590297,0.013418692345965218,0.02168310484429585,0.008615208878359346,0.0
10.646231504511825,0.09600360656780893,0.0011909729240857751,0.006217655209612752,0.015938143922641153,1.0
13.212471401305692,0.07508398791615309,0.011386722994974837,8.400335504497365e-05,0.009391001267179063,1.0
9.390377475423076,0.11147702562413885,0.01647774063229317,0.01329428726077023,0.004129152434425003,1.0
9.231635906392693,0.09817566915885455,0.015759772556402648,0.0073034552441352575,0.022396332562966595,0.0
8.779340907628184,0.11720496453071168,0.01155922688215409,0.005023246774192244,0.0011587259429236567,1.0
10.923969133863244,0.09989529530077138,0.008793276895476617,0.006841239934201565,0.00017659244130139394,0.0
11.693458439081338,0.0889141400080186,0.007456789773809477,0.0018623249019818532,0.016836144590425827,0.0
9.829078813517688,0.10287750412586323,0.008788296824377432,0.003049091661132864,0.02202454956010356,0.0
8.739765284556208,0.11354522966399407,0.012175228991671625,0.010940993850142298,0.01146556289499077,0.0
8.76327817646314,0.10674012380268685,0.006771024778162335,0.0008975614940503492,0.01685041976845096,0.0
10.975889181737053,0.09058552364101476,0.013029695272201524,0.0022857043392219825,0.0032646265178087174,0.0
11.114881256805162,0.09950887966051684,0.018532642072013297,0.042361862475111776,0.016539712419991914,0.0
10.814731402457792,0.09159015383391092,0.00975246705949042,0.011006506661562014,0.005787615781343655,0.0
9.001735439066959,0.10345674209055063,0.004622420786866779,0.0037386990774486996,0.014483248304110739,1.0
10.34824198460008,0.09290327174825276,0.004621021014734349,0.006194403685733843,0.008185934079621914,1.0
10.175028713711093,0.09987173867175295,0.013106262206846303,0.009834110734266863,0.004487401197872447,0.0
10.32803289509352,0.09397345235520778,0.009761015284158226,0.0015501925750676204,0.008618363715081796,0.0
11.307143166922284,0.09194079864768986,0.013507323584256213,0.03000251643707336,0.008015732705020569,0.0
10.335393323162023,0.10088775175381957,0.007865463003362601,0.012938675931160541,0.01009880352689671,0.0
11.018370344607842,0.097447134650223,0.013322494190159326,0.016763338392363252,0.0008753298750061453,1.0
10.101368604233338,0.11093773707998951,0.0093668033062011,0.017439792258917442,0.0211093824271667,0.0
10.433679098034975,0.10379159850691792,0.007069983778704204,0.0024806151794993215,0.009837151033412506,1.0
10.946932338757811,0.08477128698188338,0.008396006084790462,0.021535294125451087,0.015927037127727608,1.0
7.8142662702165,0.11904736643190507,0.005211782578307054,0.03296436313754341,0.0014032597046632713,0.0
9.520493175464049,0.10440179922526185,0.017957438234326446,0.03321228729373706,0.018730825777904324,0.0
9.294441018560807,0.1037770417892788,0.009614472745766052,0.006583567888178005,0.0010057967148938553,0.0
9.041683227634987,0.10097205405262966,0.012578056354728783,0.008289397927171703,0.017125341657066733,0.0
9.587286623159974,0.10068350920903987,0.007852523468516804,0.005857542930365307,0.007675484242116931,1.0
12.242411966851595,0.0786405862372139,0.005792288712080707,0.013660010889749207,0.019083839540483108,1.0
8.701253326460135,0.10891201822077948,0.00906447795632826,0.013543745625643103,0.00939056268539364,0.0
11.452417531887221,0.08513951588000405,0.014404770133516796,0.004845719370576222,0.004288015973798339,0.0
7.475695342576293,0.1469914188109246,0.007917072834406865,0.02492969020734379,0.010900650617672881,1.0
9.497672455021338,0.10698060522240854,0.006517872109082339,0.026608273618116837,0.012642292280479504,1.0
10.244129597657508,0.11896093783413648,0.010621856977476574,0.005738266048167649,0.01563941280900431,2.0
10.879333497038917,0.09317979941973972,0.011996090402870977,0.019054698439977917,0.0006718817571212333,0.0
11.066839869689282,0.08828734499595471,0.016571392675412733,0.011354958292523571,0.0013860130973812603,0.0
11.190020852799888,0.08939489018257003,0.011415001913489979,0.00889037640765451,0.010991694643770845,1.0
9.476912391627344,0.10770716088416823,0.01257597071412494,0.011649523141841327,0.004094467416774515,0.0
9.30647231100315,0.11125951995740196,0.012877100947681287,0.017358035357429656,0.004871373658482213,1.0
11.286963821885731,0.10461048330113373,0.005387938472269479,0.0013157486926122376,0.0034154883422916915,0.0
9.713043512677578,0.09622218722701613,0.0061466717181218235,0.017023858484823608,0.0025605033182043834,1.0
8.086470514993117,0.1324607804844072,0.0056644148415773985,0.0032601649408518273,0.01804998273906151,0.0
8.300069178994779,0.12250005478446463,0.004671416977233418,0.031627249412104555,0.0030950324350553495,0.0
8.620821570997583,0.1022976877008186,0.013181839499481615,0.007160670216722741,0.019758483713273496,1.0
10.745741116080646,0.09897840358412797,0.011160200366655021,0.013424396148955844,0.002746872814346951,1.0
10.213638604105848,0.10835807136476884,0.010317984252365799,0.017828116604376706,0.007282170931180011,1.0
11.035728031101652,0.08460921241021556,0.0,0.04101431636636979,0.03128297670547914,0.0
9.3591210304952,0.10677130284527574,0.018221907434474473,0.018538082321939167,0.0008454937102380898,1.0
10.237809536615071,0.08508402126515047,0.006422911983385777,0.011488338796640917,0.004998638620253416,1.0
10.938385590951006,0.08266303668679288,0.01820725102375583,0.015420107211691417,0.0030857198469334273,0.0
9.535980190419643,0.11403730277756248,0.004203034077394736,0.013733798090608379,0.008589149156578784,0.0
10.685162856336117,0.09015999626106719,0.006750395365773852,0.012608366653552597,0.0171717531633601,1.0
9.007111088400023,0.10159930094912963,0.0011886024699614816,0.01632109660196084,0.011485354294064564,1.0
9.455419230152392,0.10771879349416785,0.01144849990377079,0.00655122541890865,0.0019275331352935049,0.0
9.427393159002506,0.10173207760057498,0.005594972716755071,0.004329768604925359,0.0009076322597438703,2.0
8.20624053161644,0.11735395696745259,0.005707999383606583,0.0029058630163857745,0.015623719014413399,0.0
10.730458721178373,0.0988709094226541,0.0045099431313024105,0.0024347741523101573,0.014364128438580318,0.0
9.295896489695915,0.09802705824967829,0.013109420250951452,0.016079430408134403,0.006814614586988339,0.0
10.018741178091531,0.09283916664644817,0.012845854606270189,0.010842528594655312,0.005072612205142177,1.0
10.721119988358863,0.09443068295495081,0.01724813556431514,0.04004471781255304,0.026318155262917524,0.0
10.669796764044916,0.10128021128370385,0.007257173515708107,0.015992870595552808,0.013408790749467733,1.0
10.99807766345918,0.10039251005632734,0.010875277484187202,0.02297865780659627,0.013601555013417893,0.0
9.852271773235865,0.09624030837449639,0.004842659210392194,0.029884981029027487,0.0018872230739485814,1.0
9.36505253193377,0.11509530117731087,0.008659843909058728,0.02638339260144553,0.016803103715227165,0.0
9.8804226836404,0.09505622920894938,0.00792461874687529,0.006742235425484957,0.014164867160833237,1.0
7.4689983490629555,0.15494824011339656,0.011857799829981683,0.01411668729431825,0.018780541234539677,1.0
7.829331291365369,0.11664982450336817,0.014068087225672765,0.002436623594040144,0.0025206272311064136,1.0
8.015950581468397,0.13873979557387692,0.013964266763325999,0.006577051442115263,0.004169474521085694,0.0
8.504129758597777,0.11157360314119923,0.0066287509111295564,0.0023380516117417053,0.016455458414695322,2.0
10.599661340085156,0.1108294955051022,0.013993871618491999,0.0027255480006831436,0.004066100103308437,0.0
8.641781416959908,0.12132248834581208,0.009823659451568812,0.004589333155752043,0.0008069703118667445,0.0
9.432756168940916,0.09773753055021081,0.00870161241641194,0.008798942487717391,0.01667186207012738,0.0
11.948842446679098,0.0802656527889401,0.007165954052724327,0.005281153054879082,0.0018604133379143527,0.0
9.465604043407861,0.11245860227405911,0.0077602568225537925,0.0010378039951421019,0.009733801388093547,0.0
11.10627335270063,0.09794995811847416,0.016969255384784936,0.0022327874252030203,0.0061964200774290955,1.0
8.599573479985185,0.11562884218229025,0.011229643065976094,0.0291281740428319,0.00040962268257462844,0.0
9.691843663198554,0.10354882795452007,0.01069844739000482,0.02709147579932307,0.0006532586212709201,2.0
8.574966917634129,0.12391258862125243,0.008951012565852214,0.04927441730009584,0.009100814675796959,2.0
9.491450386149156,0.10647473416276199,0.019783914445752115,0.0041733017638963255,0.007551006498226724,1.0
11.260462206186093,0.08007608297077133,0.015220041955385698,0.012666913816338188,0.0026788909049432906,1.0
7.409019365211477,0.1264717882916566,0.00711575154080483,0.004840617852865009,0.0017561657768080797,0.0
10.651635465318787,0.09566489705619964,0.008905539781181504,0.015736209027532647,0.02435141347088511,1.0
10.356603403498417,0.1064174477453105,0.009143021826516358,0.004836027577679828,0.005795530289637363,0.0
9.108775066454808,0.12493525348733935,0.010583487913130398,0.006096339393043829,0.0066661096968461675,0.0
7.830913218417319,0.13591619719830644,0.00719509602947426,0.011856656232197156,0.0023367287049694783,1.0
10.108194261570805,0.10122969391301968,0.011755266093446787,0.008007801212305182,0.008360397819881897,1.0
9.205760936404296,0.115333843874866,0.01580835252815726,0.013417367113050027,0.006814903922874713,1.0
10.349014317032056,0.09160848797400167,0.004745487563983347,0.0016200406310779168,0.007349804355755702,2.0
10.032778218285165,0.09845890447677745,0.005487413051631732,0.04027285999408015,0.014134952387990575,0.0
12.402668336981373,0.07548343161370516,0.008067365778810773,0.005374312092384389,0.014688947669270858,2.0
9.640966558790463,0.09386283374453834,0.008252817759568681,0.013319078943997966,0.005926161847790958,0.0
8.464753761067202,0.12133171898552253,0.01799386349898372,0.0045770635341315005,0.04321585601127742,2.0
10.268913452434473,0.09883730588071614,0.014006836880059355,0.0015999532349953085,0.00483952365618315,0.0
10.329995025957647,0.10228015604899177,0.013777289408473057,0.008646674238017151,0.012712247131664637,0.0
12.038781362860654,0.08677434438758018,0.008942537225946397,0.005845608932597505,0.0005521658534685289,2.0
11.252666868871868,0.09060973568067822,0.008854746372852744,0.0029179194305400573,0.008985124279872227,0.0
10.535306588724264,0.0992411218808314,0.004193178344938406,0.012569255586130423,0.006118332420025741,0.0
12.194954336829342,0.08172159961037867,0.01312696091219127,0.007095370692413378,0.010093672829554015,0.0
8.216855418515724,0.12578813295879118,0.011964218419235142,0.024228484013001587,0.009443698652632141,2.0
9.040372700875379,0.10437219674110035,0.015143989458713135,0.020151923981086912,0.0032532253663237576,0.0
8.610136087891712,0.11962856238395608,0.009156681146575332,0.04177897962715556,0.0072176751569786625,0.0
9.415285295266347,0.11204428892370306,0.009432883415198413,0.008424304321710558,0.005174397056130089,1.0
7.934970778665537,0.11945038457954382,0.010680182114242542,0.01518835020439127,0.002784783263731509,0.0
10.952726420221607,0.09168084167365638,0.013567590302028382,0.010579492539888428,0.006273537839412469,1.0
9.66666595435184,0.09841405316527718,0.004119137511610084,0.013303790448163086,0.05352398994353164,1.0
7.793790558246013,0.12301513651311029,0.012944224534953499,0.017666202925656724,0.0032021539621850826,0.0
8.476631378188689,0.10781834312195067,0.009918017751308678,0.024855895479623843,0.009028042382210168,2.0
10.470270771175294,0.1056865234696926,0.0057654509281852145,0.03537497143169743,0.004383618917513344,0.0
11.257189851841572,0.09673768824239831,0.0016615769893837343,0.030848686956103856,0.009492205878468406,0.0
12.99509633753768,0.08033279196887742,0.009454105152486587,0.04338481842518912,0.0216989691262382,0.0
14.370793699010994,0.08147799823679508,0.015790851933096282,0.024415746484776263,0.013418411679121852,0.0
10.621614149913995,0.09273302143955868,0.01669873866696558,0.017099853538082816,0.015716445937343424,0.0
8.515692819952204,0.14966292469762352,0.011421504842680386,0.001977912367514608,0.010633370148007974,0.0
6.801930578903036,0.14436523537221188,0.017848022655368993,0.005868921247968954,0.009553480768463737,0.0
10.401567193515755,0.09812226083385396,0.009828235668173022,0.007292596688136617,0.0018016252840872885,0.0
8.78058835703451,0.11032048495986742,0.013813214206571126,0.0044311473148134035,0.0010577408351223998,0.0
9.376964109730473,0.10986861785759619,0.008195076444374292,0.0007831105296469868,0.0035420396138746753,0.0
9.081854801410287,0.1177220135957412,0.007941604642863406,0.006055929967192806,0.0195664224054191,2.0
9.788813670375422,0.1012306620890289,0.0072899635324774545,0.08195620587501622,0.0028188304360468393,0.0
11.598970346181465,0.09938254909639561,0.0017578842115027506,0.006660085831680881,0.0017847476504202506,1.0
10.235572851168017,0.09958564566549247,0.015148369039787647,0.004704779606897574,0.006760828391893931,1.0
9.762047744441968,0.10467830879412619,0.007433470243447935,0.02832246279142074,0.004062782455325523,0.0
8.446519370761283,0.11008810675594677,0.0067942448809792146,0.009589158596330954,0.011685249121410307,0.0
7.487975582943465,0.13809429191822883,0.005280113273549298,0.009445136902786158,0.00949702937051324,1.0
9.270538136390003,0.10671819536583468,0.009182562253854868,0.050044649295110086,0.005776556225151905,0.0
9.91932617377252,0.09602524327431412,0.01705396924223897,9.425514152738742e-05,0.019468297038276433,0.0
12.651894870369825,0.07427915274975982,0.01837511540329087,0.0020436820962652664,0.017352913827448906,0.0
10.195411782209328,0.12145678925685455,0.0033565324967916674,0.017107268181560647,0.0042573225386499805,1.0
11.474109266534587,0.08533493881438141,0.008582208016094871,0.02312213166644559,0.009691346552941677,0.0
9.251056602191271,0.09620282018119684,0.005862568919625206,0.0331045904272102,0.0033437705014957874,0.0
8.222584350374463,0.11500930115395933,0.01395335096484608,0.0004991407240143932,0.0018303680272034751,0.0
8.552324856651442,0.11644588897394027,0.011146374189175707,0.003483855743299038,0.005692262494589507,2.0
8.91216090319637,0.11722227325236151,0.00745372269048066,0.04553768369688259,0.015906908384753563,0.0
13.192704598652746,0.07923950744590344,0.010290292322364076,0.025251526181994565,0.005200266639336419,1.0
8.76791998116342,0.12039582295356119,0.008090325514369166,0.029386879711491724,0.0251172155178908,0.0
11.257733805604516,0.08436149799282208,0.016456984377499588,0.019949186612879175,0.014510902515231525,0.0
8.645609232869461,0.11885911991514769,0.012187838060064154,0.0027749218784955025,0.008856605775148357,0.0
11.397359519311365,0.08180094649572896,0.012679293683665752,0.005903101193630828,0.00048726365760603634,0.0
10.577426449158795,0.08996868724313799,0.0,0.0019452598722651745,0.013202223229703106,0.0
9.765043153512865,0.09515713497212466,0.009732845284684757,0.009695067831436723,0.00864632181744383,1.0
9.93885621079685,0.09149023322767258,0.018332843836236137,0.05254467369999651,0.001753230674229609,1.0
9.017818456855915,0.12074605117247715,0.015304516280146738,0.0003306219915415847,0.0077912703128622295,0.0
10.66910830222312,0.09903682233806863,0.002611641656318787,0.005796694654263543,0.003671445355946279,0.0
9.31752477948883,0.11604656079726944,0.008746296669265624,0.006403900190894961,0.0030845333066224483,0.0
8.161591354349127,0.12291107855959355,0.0051939221363251145,0.035106534923036226,0.004450445259274272,0.0
8.083093638520571,0.1316471476545841,0.016844406241451483,0.04045650391730024,0.0134955369815414,0.0
10.25888187658318,0.08466550617798586,0.010977113129103634,0.03235222146073429,0.010675851349969514,0.0
12.368636884615652,0.08662931731088007,0.006928817761074256,0.00955387274511521,0.005390655577202002,0.0
10.239987420360157,0.09904997039473458,0.010136631774163156,0.019743503399362768,0.011441444127475175,0.0
9.822042510835177,0.10704988612311434,0.0,0.01134806945221434,0.0043980915804501695,0.0
10.428739209403814,0.09884883483747872,0.0056601547861736936,0.015428523020376962,0.023776327938845425,0.0
11.959002612560237,0.07727005665649346,0.010145774903305238,0.004596925146262211,0.003915282059099568,0.0
10.329073752045785,0.0858798720949062,0.01338270147381329,0.0013746190272911029,0.028817382463820495,4.0
9.383609153749394,0.10066785018941911,0.0022347435176106366,0.008621405326833396,8.187098472925648e-05,0.0
11.659433065089834,0.08973250732800497,0.008475378769190283,0.0038357651868441475,0.02600251351061565,0.0
10.64313465769242,0.09929026609169807,0.014038742954075287,0.014121040966460816,0.015714648117317258,0.0
12.303633987993988,0.07285165365761968,0.004194186702506912,0.0061494022429679435,0.0023505618261063523,2.0
10.27485165583286,0.08997825290068533,0.010916731339136693,0.024241582320298775,0.012021047961454237,1.0
8.16329645241925,0.11561299456995107,0.010263898012424014,0.0021564036996850706,5.830740107397149e-05,0.0
7.947761201131502,0.12227597681598457,0.01685752128142641,0.00416149662953083,0.0020919076618083348,0.0
12.476391898346874,0.07187676117219143,0.00907945522755345,0.0008823370114613022,0.003265605246945269,1.0
12.585498581174946,0.070912441152433,0.009313597606499718,0.00025490279721508403,0.02599150291277329,0.0
9.730721180076099,0.09622800644522557,0.013419839012658755,0.012805502352022286,0.003818751772514309,0.0
9.42521901829602,0.10683297299664074,0.004694605327802622,0.034749750593059764,0.0020965099010345867,1.0
12.192166438363303,0.07462787384896791,0.009116467173796565,0.017990181850496164,0.0016871553366208628,0.0
8.339431476934768,0.1188064801752396,0.008177099956637958,0.0017016898122759409,0.001285259795260294,1.0
8.65790947156626,0.12570855992806249,0.0094443527491796,0.004349268749780343,0.009601124457531312,1.0
10.964990192033566,0.08217946165239455,0.013393625795851353,0.011492558483019688,0.007014103329732888,2.0
9.408092315710615,0.10455041703586054,0.012216645940328693,0.00012397125429956855,0.014411121192240433,0.0
9.992317199919894,0.10862692445979583,0.007005270765885295,0.04888246004552828,0.003877401775489395,1.0
9.754835652213231,0.09913977086501616,0.01054679681330885,0.019620658242261408,0.014895886282340908,0.0
10.5063618231984,0.09091097601213945,0.0159617664564021,0.03055122067056026,0.010453294870349801,1.0
12.111222791970576,0.09062249015236543,0.006674537204810779,0.0032683675427548787,0.016637257596002254,0.0
10.135877360352618,0.09627202413091707,0.01058066712158805,0.006987105872638485,0.019432713971514925,0.0
10.965908189915286,0.09961608786551215,0.009227357292245487,0.019466471397903393,0.019588363530808738,0.0
6.924741848453467,0.14945147184546845,0.009747979936652893,0.023952860886093726,0.00020681319051515956,0.0
9.926922397104823,0.0980107539200723,0.0034773695110023976,0.006194026274183438,0.01045732273665478,1.0
8.735154594560694,0.11895852223558717,0.015643051417248817,0.028550297010479397,0.0017132895219457447,0.0
8.171780409364558,0.1255500438160347,0.0069025923964472664,0.00024604478789848485,0.003679456043874808,0.0
8.682771449606873,0.12497142804355851,0.01410428788061413,0.009676748805646933,0.018246747034323375,0.0
9.498814838948782,0.1007578989178902,0.007514493567809956,0.000792900838424857,0.003948889990508869,0.0
11.37385381353402,0.08821125549651342,0.007497981392416959,0.0021987046429638646,0.0018654328064791753,0.0
8.010410923390655,0.124224692675652,0.014852493001861866,0.03319080720590894,0.00924789506115406,2.0
10.045947238891626,0.10531099576958515,0.013975538413911697,0.0014709909460268867,0.008851817247664163,0.0
9.273745849999631,0.09934052180713185,0.010834663595855932,0.01959064282269486,0.0015266181148599974,0.0
9.508490358457058,0.11408323589742825,0.01304460219922528,0.043641957684740565,0.015314679347562202,0.0
11.504136737956905,0.09022936187029595,0.0088457888789744,0.04842644850406155,0.004806726681667672,0.0
10.80717315550589,0.0832785637704915,0.00996652948912444,0.015649600855098054,0.004543132159580838,0.0
12.006097161164115,0.09174396310106554,0.007353502430144723,0.028958014914820075,0.010352608168359778,0.0
9.76824148112515,0.12240635238333712,0.01361625979720104,0.024367589358347343,0.008709823632050676,0.0
8.956086082493945,0.12097315798386135,0.007226346675330591,0.0024175417272617817,0.004261661289380812,1.0
9.66421177467925,0.11598774113338971,0.01594062537975141,0.018650732536029817,0.0026519450322667446,0.0
10.363745186906833,0.09715147063430347,0.008736663326720703,0.014149549120788609,0.0048979033544025476,1.0
10.264860037680567,0.0852943717022461,0.010082034256065337,0.059248666613595326,0.008116779167662139,0.0
8.37341789164995,0.10304476355932392,0.013034912082617338,0.007950110116443844,0.0018898512470717054,0.0
10.135734672441812,0.10069484196017783,0.010095457684758329,0.012307319201493307,0.00389767454307117,1.0
10.342342495208358,0.09221756148067399,0.008808366742858759,0.012475631149874702,0.014210855774121045,0.0
13.77621105630088,0.06746749380115563,0.009879906208766115,0.027991440779106817,0.0042548397554019604,0.0
12.815266916922505,0.07764121102950854,0.013575273414230336,0.052619484048862984,0.01182927143064496,0.0
8.72013497416177,0.12046597953057257,0.007348591111453178,0.01541247836552559,0.004703873999430373,0.0
9.568924957676236,0.09303853951578225,0.00949505197090694,0.004840407102056193,0.003759229051914289,0.0
7.804836997244495,0.12360628583641439,0.010041146909349902,0.0256212610990834,0.009369803423766547,0.0
9.113939479054771,0.12380897842522058,0.013458340782110625,0.00614587852775507,0.007795467367046953,0.0
10.473407505385511,0.08760979286925627,0.009600618504514253,0.0011915221073170613,0.0025968177082403053,1.0
11.80878043133235,0.09078488571258476,0.017233196377974887,0.004747031732894024,0.01570488047212199,0.0
8.906374243384587,0.10800846358183368,0.009373845689139619,0.0059439863004582694,0.0001610616628392023,0.0
9.018780339898305,0.11582838687001264,0.00904926544637888,0.004550270791433359,0.013463593500057654,0.0
6.779066455392018,0.16104793893623598,0.009315871513529073,0.008296646537394274,0.0022437006001176634,0.0
9.756001119182638,0.10876343746911393,0.004733434285367959,0.01939664753224895,0.01905928556970372,0.0
8.406378382210654,0.12793179856920045,0.00585309261296526,0.0006620123047529336,0.0025414498507213864,1.0
9.20584085895089,0.09906633118337517,0.007877332441043628,0.045133418709239134,0.008618865052893866,0.0
8.684708832748617,0.12587434931025865,0.01454331939540052,0.011691308812434412,0.01648685106491515,1.0
9.858606168621165,0.09474556480283637,0.00986749576255196,0.030479733398777523,0.005288975019904256,0.0
7.363407412965053,0.13865597023695694,0.008061423241537174,0.0064344997955641265,0.018280791086346906,1.0
7.799432131913514,0.13089088621912257,0.014906138982426383,0.002701911630387391,0.019557789476756276,0.0
13.193870668042447,0.07879209741871308,0.016204708531569044,0.00016462195356632952,0.0064092826963154225,0.0
8.068866128088953,0.1273193943168699,0.015021529843631042,0.002205325959426363,0.005632673246128052,0.0
8.35482163231804,0.11187829934321092,0.006587640011059369,0.0027965792072885695,0.002730999197715491,0.0
12.75537029248197,0.07037327000695416,0.008019005519225377,0.005337781041983288,0.025297241440843738,1.0
14.35760075386061,0.07468383741587442,0.017254944281258875,0.024386150229378827,0.009194329469907902,0.0
8.242650056761988,0.12313731861307563,0.010964558768000088,0.009342630567430074,0.011294549720072093,1.0
9.447626564817954,0.11604080232738548,0.008929491740415687,0.0017514287644221137,0.014235653010496417,0.0
10.512333326410765,0.09478654548018607,0.01287339184532335,0.008592137671052168,0.0006607289504478018,0.0
12.593046466608389,0.07096574786744807,0.01402919626943245,0.006705524555731662,0.0010573555588330773,0.0
8.519714382357645,0.12680656769714918,0.0077142017162869425,0.01666182084718052,0.03874126378916734,0.0
9.632083231086835,0.10078868532519406,0.010877759834479726,0.009868896154052394,0.002062789786217028,1.0
11.166006364092617,0.09204168191455478,0.013706240276868235,0.009599650323362827,0.009428642256452673,1.0
10.652149111699927,0.08913899190912952,0.005358851416160587,0.03090643454827317,0.03140872108761421,0.0
9.435765893154851,0.12087924408718,0.01004938182970456,0.001519310394210199,0.009877723656917945,0.0
9.799265553225938,0.0951374467357849,0.0055424413877971385,0.011153500075612216,0.011819729796759017,0.0
7.937656287445027,0.12262646255541607,0.006065678012292757,0.030926145145122017,0.012921887805026639,0.0
9.642739384038002,0.10460024966419972,0.007747599690078783,0.0029522180408229075,0.0036570039530654957,0.0
9.600418764986568,0.0954472724376513,0.011908478151517882,0.02002229257940203,0.0015734943928577586,0.0
10.348254834439384,0.09922390378172635,0.008711909485447462,0.011789317292151333,0.0007047600848728215,0.0
9.167009171771475,0.1241011597781633,0.007406327500126375,0.007366773689741352,0.00378449098508266,0.0
10.707307783817708,0.0898006153133743,0.010206218253299837,0.001963883621286644,0.02648137268395847,0.0
11.519073726729744,0.08960063958093263,0.005412149086934282,0.012970560409627716,0.013435358208360766,1.0
10.233143991502699,0.07842702580096499,0.011715212871335642,0.03215840432049216,0.009424633781734353,0.0
10.527634612598805,0.09469273442319376,0.01452554704783324,0.056701882500978094,0.0031282589453857537,0.0
10.0797330213668,0.09675530087271679,0.009683183836047955,0.030209267168005927,0.0037283794754004716,0.0
10.000126589637121,0.09366061021152468,0.009189404026799167,0.010970154243826441,0.004346262291471862,0.0
8.91766294968573,0.12227069587588753,0.011493761412862277,0.01226626802257309,7.327957088906954e-05,1.0
10.474741392509962,0.09300832516171365,0.0018861223246738213,0.024688816699315455,0.01945339299613785,0.0
9.854070102379765,0.10005024420079206,0.01214726982639147,0.001051898628622738,0.013141426691297184,0.0
13.139752463395892,0.0738427383575199,0.022407543214979453,0.012912011996898851,0.014876093422457319,0.0
12.360032353712864,0.0694038221081342,0.00950929511554112,0.017498041732029394,0.005336960069245208,1.0
10.578769828834751,0.08634468210734945,0.009523499865134677,0.02657870768541053,0.004395022048283532,0.0
8.85541418545785,0.12195031571411696,0.012974428000398733,0.0013813935003584986,0.018452828165771318,0.0
8.331382792024874,0.10138546963320859,0.01658133067279185,0.004812150010118701,0.005365033004329847,0.0
11.786714429633298,0.07979629299115784,0.013899871377736541,0.0024669591646997104,0.03262807033561918,0.0
10.394123837720707,0.09318036687164812,0.001377572485665798,0.00553809740652067,0.02246548791312619,0.0
10.720215105087416,0.10724477161947217,0.012253595350650988,0.02776852542633681,0.004996211842010128,1.0
7.383121019538711,0.1440336753208939,0.0202877205809667,0.017498229279668612,0.010103091816725224,0.0
11.39115772233727,0.08396031282039365,0.012489764187037861,0.008595519517255458,0.00855193040206581,1.0
10.681630507321545,0.10391683166102474,0.005381592346913002,0.026379812362934612,0.00021691727815238815,0.0
8.334353973378283,0.11308367233385551,0.011127318497674456,0.002377971018182452,0.0017060629829087526,0.0
9.292712788825076,0.1166587190851931,0.004877250994635732,0.006406942172207863,0.01740052258070619,0.0
10.39557580653478,0.08628577796536246,0.014931214757075439,0.02198283414566624,4.648287016611409e-05,0.0
10.078700197534365,0.10811458099335454,0.006176469647888298,0.042599110510286406,0.025494247545418652,1.0
9.561743221294668,0.10124006032927847,0.010296974538768093,0.045939212857938824,0.013185401704045712,0.0
9.84476759790106,0.09355362805898076,0.006568879992032609,0.01946049606024323,0.002005745199609325,0.0
9.622033932689671,0.1021383350163615,0.007814207769808037,0.018086771020952724,0.0016999791935374687,0.0
10.228843768153704,0.09995611737490866,0.01594460258344198,0.01101010678670924,0.000317951002103254,0.0
12.207237959489735,0.07873961164232678,0.010413828659574789,0.0023102233912439085,0.0013181358490821134,0.0
6.150012338603053,0.16996923861754978,0.00776319010509712,0.010564297572967667,8.767312136135239e-05,0.0
9.644724603235474,0.09895890625797006,0.005419088116453109,0.013115198994603077,0.02197287390237472,0.0
10.26476863205867,0.1023775612092454,0.002513194054402255,0.002988066123406863,0.022895985205464757,0.0
10.443990984530648,0.09919684966016395,0.004994877465909253,0.002975774590006611,0.02977625121356211,0.0
9.442128128018066,0.10539340284713958,0.010447836965777512,0.021332259530287636,0.0013150948294487963,1.0
7.364917326282126,0.13106807822984776,0.013920935074890655,0.016581351704183254,0.013495464408594128,1.0
10.491993225571164,0.09647328458275055,0.007758594030311196,0.06096008410738947,0.0035742450574909592,0.0
12.591025321246278,0.08299590708469343,0.01628217440287606,0.020425259943402538,0.007065611967498247,1.0
7.699207892625793,0.1531751072391512,0.007129998311087092,0.0002470717559959595,0.016611080443460116,1.0
11.295742020547282,0.09543859633325967,0.009047953108480482,0.006287430635063973,0.03233826055609082,0.0
9.507212165315659,0.11372506091524943,0.0056816931186509925,0.0004790013706781966,0.0005626772203588726,0.0
9.908013481256729,0.1292168992961993,0.013963046938271424,0.07988954942806561,0.011965121507693646,1.0
8.420652233944077,0.12376005731833267,0.01839004245617827,0.0008536761115456063,0.012342131644105496,1.0
9.498315741466184,0.10944391949919981,0.002952732156255209,0.022279045073944535,0.001991774431786764,1.0
11.950066892048438,0.08852983456255903,0.008615351725461207,0.00193693578706349,0.013122588819620196,1.0
10.87398286298156,0.08483133219737753,0.015059119388200141,0.03177928322791985,0.007833415036385063,1.0
12.598467408114917,0.07660543105893662,0.004212217914297595,0.0013632979597361105,0.03016971736199611,2.0
11.766117833466541,0.08161701084743704,0.012266735627884346,0.013022916405094521,6.531658372115271e-06,0.0
10.658630018394364,0.09880957398872985,0.014885888800830284,0.00590079165347769,0.007993545712052193,0.0
12.615901789251687,0.07816822608958604,0.01031291525742735,0.007752101012617039,0.0163363716403089,0.0
10.658489738107448,0.09486515098752908,0.012201052283760531,0.008354578904838256,0.022385115576987587,0.0
11.241982265195588,0.09703739906479368,0.01704360954451043,0.03030464768856458,0.024192236672253353,1.0
9.555143569697938,0.11213771732316785,0.017793706216404588,0.004301976126829219,0.004255810704439786,1.0
10.099818723788808,0.09773894747785587,0.009752131147862069,0.0014769464638736392,0.002511236605421415,2.0
8.953864265049585,0.10585502514567992,0.007870488602803068,0.022269850184334375,0.013622781014415775,0.0
11.48437590189228,0.09535337841358413,0.006320079555705214,0.007651256392237088,0.0006143782387383015,1.0
8.232544565327702,0.12922711333428719,0.013907856601714851,3.7748925941582843e-06,0.00922800520835182,0.0
11.173525513626492,0.07870506776558198,0.004512897768836127,0.014146840982391844,0.006897597098116405,0.0
9.714023413742261,0.1003970083637381,0.00898970384803519,0.006134398144296147,0.02543054498192785,1.0
11.75687064020098,0.08619039210064951,0.010410759083817864,0.0017693902371559642,0.0010452076102084944,2.0
11.12630348309689,0.0956551625856825,0.007987989949124983,0.0535888483778391,0.0033105775300475092,0.0
12.730969236470202,0.08448093190145127,0.011119281060076496,0.0039090863026019435,0.016658952812302816,0.0
11.096162036707968,0.0921915495605885,0.020258053273171032,3.4811654142689156e-05,0.03155934553931907,0.0
7.641939616520139,0.1371292119180702,0.00951360563861383,0.01322605196862058,0.02105403539689633,1.0
9.899570240652698,0.1015341177033163,0.008258377490290441,0.0029069590236932927,0.01657399662059921,0.0
8.241989211107777,0.11496243467797727,0.014061327297527411,0.028647720654579423,0.00858889843171128,0.0
9.222580236450588,0.10618674370769599,0.010958334576582088,0.025841352618358016,0.03515624072322932,0.0
12.266842649915082,0.08164451751986848,0.015757343084845506,0.0023995669328618296,0.00875019566486842,0.0
10.956300716346544,0.0910188147204978,0.010658750479278873,0.030592203574853306,0.0007283304520661582,0.0
8.951604357131881,0.09606995967010162,0.009006307168115867,0.0029382087728488156,0.00519388383045254,0.0
8.479423950339402,0.11424143903146108,0.002865100447621779,0.01836339770397279,0.002224014654390331,0.0
10.04917313931439,0.0999591272367833,0.0035210612247530398,0.004414196933469239,0.010814206171843558,1.0
8.175159775928309,0.11959911222024035,0.0026572052382915897,0.009213752851620557,0.010399806437886487,0.0
8.993289583905128,0.10901992654850089,0.011517356665136959,0.006692322085752004,0.012387889459824143,0.0
10.468014207326865,0.09933224553272557,0.004551002080530162,0.0006161123256178706,0.026073515912192043,1.0
11.732968054160045,0.07818173420407104,0.015022309463677531,0.02107324032999863,0.0024688103823886838,0.0
10.913142208336659,0.08044261971772462,0.010120986259423816,0.029599091795007842,0.020972186881800345,0.0
6.56306573710285,0.14818238763854943,0.009023252323593325,0.012605821923719153,0.02289260672554764,0.0
10.45655009354539,0.10166222984930032,0.006624579699182648,0.017220286817916697,0.0032440712915445557,1.0
10.108050359848868,0.11323070226870231,0.012489034993080825,0.0035666350276559265,0.009484799029675408,0.0
10.62083542805904,0.10023404083494244,0.006782008721830355,0.00692844504280464,0.001361521225951093,1.0
12.424314522476811,0.07156733658621373,0.006058487983720477,0.005184810418495214,0.012375363160665554,0.0
6.905142584792886,0.14215236334692294,0.014753399682421394,0.04395296045836551,0.0003643655908020706,0.0
9.113344862213342,0.11200530338047622,0.01141848464310009,0.005583824720394146,0.023843046088978283,0.0
10.886359484190033,0.0931724415324258,0.00906028228700691,0.0006416426503144958,0.004841832178084344,1.0
7.627608400819087,0.1368828285565126,0.012565731938934867,0.030548632136860442,0.007326779257534888,0.0
12.213923572080263,0.07608223432360005,0.010035727492442794,0.004421264863298592,0.00426509889417838,1.0
10.552534919050988,0.09525758260488185,0.011532052601806736,0.024791515438501218,0.012199847702661915,0.0
11.269875978765105,0.0917665435561472,0.00673260839049818,0.01698269657106234,0.0011093130349016452,0.0
9.143584507717309,0.11683427393521938,0.01828159443564249,0.015283978725015569,0.022132808255548454,1.0
11.220645534949316,0.08355811626264442,0.0076815201292951,0.01090496563908255,0.036393163428227224,0.0
11.602707333983558,0.08383950092614595,0.01622406530779991,0.039244466506855515,0.0004982675708456769,0.0
10.349317030205752,0.07783018472899221,0.009244524602782094,0.011589902614544245,0.0007212228656400232,0.0
10.351601339048043,0.09191802020636679,0.01322838846261985,0.02152597204298286,0.0003430516420821055,1.0
10.405514858922588,0.0921544659673023,0.012936893996104546,0.0026389335413970548,0.008185825728906573,0.0
8.704982102890927,0.10587858372780144,0.014587407020600183,0.020522030958945954,0.017138980461797446,0.0
9.778706979639471,0.10362690391028641,0.0066375051713434205,0.04216143305404181,0.014613055360740243,0.0
9.771216201321462,0.1018843863089107,0.01430254160511545,0.02554147684630472,0.007642085951549004,0.0
10.575090796530242,0.07892648565683247,0.017385759403645763,0.0009941992578003517,0.00420052744897577,2.0
11.499736370365442,0.08847073379450841,0.008965228083032573,0.007138175472973778,0.013028627620748776,1.0
8.412195877032385,0.11036651763149888,0.01013882426856849,0.009172327082545758,0.010304392820341578,2.0
9.812486454520634,0.10594866592059336,0.007906213430079384,0.013546796800056049,0.005298760173491964,0.0
12.22218332148846,0.07384398623486654,0.0086142549912596,0.0002021320745862925,0.00035304845262855943,0.0
8.884617656781154,0.1128245970021929,0.016845691195729963,0.037454743074570473,0.0024203205063969445,0.0
8.76662497406452,0.1115140194503652,0.0059830618954791834,0.009100822406549917,0.009760188753906142,0.0
10.30345928774679,0.09943694629886995,0.0062315247125969125,0.0004756678734820103,0.013644358724356351,0.0
11.26657778572798,0.08964795924802596,0.01644360374565751,0.03540885009890817,0.0024455312289158333,0.0
10.01713908334099,0.09781173999813109,0.01249819370355345,0.023694513160773766,0.0023673399017067587,2.0
11.993440885655485,0.07373617989228781,0.0184814809961701,0.019582915547428976,0.01326212881573655,0.0
11.28519097384979,0.07873496264828095,0.008198245448696587,0.0019659843662985965,0.005562462570896176,1.0
11.262730100335093,0.08473640076766686,0.010505124548950277,0.037104921484280656,0.0018193661971446897,1.0
10.83117475198614,0.09226495292532148,0.0073572922249127825,0.027056940361274737,0.0014281198077897188,0.0
13.491479650519128,0.07060049063725253,0.010573204674590784,0.043760120417535416,0.01168124780046824,0.0
9.692257466700934,0.10846687924442543,0.002903613210862785,0.054481530175191556,0.009272798311441741,0.0
6.994716561900229,0.13980694661775886,0.012739818226620033,0.04543952379360737,0.014257362275222205,0.0
12.406381542275712,0.07461512840366538,0.011293896333969353,0.00035867559945065955,0.0040051461860081084,1.0
9.313450853564762,0.10500919229255577,0.009769781350136324,0.007506938910384043,0.038035452664491036,0.0
10.161820666514549,0.10020182883508301,0.008438542701601342,0.022619839187355426,0.0013771868920093957,0.0
11.96432602729079,0.08578264089032178,0.006420984050527602,0.00997282640661248,0.01909465209870545,0.0
7.596610688411612,0.15298248286678306,0.012910851648131045,0.013835191701620895,0.0018168905742002588,0.0
8.122529178840791,0.1166993478340726,0.0053156400571863745,0.020226192706450458,0.009439712116389205,0.0
7.598083094321719,0.1308407578716623,0.012047583648196972,0.014533116755533058,0.008770228889965143,0.0
8.808795564961864,0.11745960372520028,0.01829780557923783,0.009978744477570405,0.003149638586698543,2.0
10.65945490902549,0.09363780102440217,0.015942085954577193,0.0004998564369405201,0.000104208097319647,1.0
10.786281764219156,0.08907072415474065,0.003979488229317387,0.04803114945022849,0.0010363077882091201,0.0
10.414411268992831,0.08482787123150014,0.007853047758626788,0.007321454108401067,6.615167798351118e-05,0.0
7.88085117416145,0.12180879962733213,0.011685802962221352,0.0034025873804115524,0.018345598853458434,0.0
6.534844845051034,0.14043018780279462,0.0097188723119426,0.028447653958246482,0.016053441228727632,0.0
10.081530378085574,0.08639429729920114,0.004402377126870315,0.0019226132935468777,0.0072021185375592735,0.0
9.292335949542496,0.10097884128695643,0.011541263805893966,0.007705506080066434,0.0017177582888478807,0.0
10.689078657574917,0.08603596506953003,0.009959932419534802,0.002379140350183498,0.005744849290787962,0.0
11.052930439331906,0.09479935559066378,0.01765730163441513,0.0008848263438152593,0.0023047524231467765,0.0
10.207362148088023,0.10279465801313685,0.008987085189530213,0.008395102868115487,0.004959525001707565,0.0
11.140199628063781,0.08350318555957532,0.014672013541306365,0.004571007944676226,0.00020619217768509226,0.0
10.343817061172603,0.0946842841851039,0.004931646387480098,0.007523551591704956,0.006328236183130279,0.0
10.7950970584022,0.07983833767121722,0.005887962808413967,0.014554987515762126,0.008094340877240693,0.0
8.942990105695177,0.1074835793833924,0.01288664783923796,0.02992717350702578,0.010394413926257682,0.0
9.730582879252813,0.10610190829403703,0.0143349231224295,0.004056492926199821,8.088868352641028e-05,0.0
10.295164144985435,0.10375953159149957,0.006170429095702431,0.04085098659668205,0.016423321137864124,1.0
11.230792713126128,0.08410383423403016,0.010096309625935647,0.0012945470593908955,0.003248184024380087,0.0
9.409388241663141,0.11560690980520436,0.004473683305883688,0.0012861316760963827,0.0004861066876652102,1.0
10.78175088359817,0.08215806003796007,0.009275120694778082,0.009747681902608708,0.017701219007511492,0.0
9.601241812126931,0.09425959355336455,0.013347691142496504,0.005065988113457447,0.02099747818861,0.0
9.823686749007804,0.10774116644075794,0.008260166003455421,0.0030490003179034276,0.01727570516741054,0.0
11.24427856303611,0.10165508365212111,0.009003861176224788,0.08589541622762499,0.0021129713559549248,1.0
7.010409443418766,0.14838848453060205,0.005480818406815793,0.008310103503061788,0.012087335641989777,0.0
8.055291507887858,0.1237419912772918,0.007406566345500297,0.0019174056287405007,0.030834204142688712,0.0
7.776721903835769,0.1078785091855527,0.017032443664857354,0.0036496648599499033,0.008605922589309038,1.0
6.499575820227543,0.13087237322930498,0.010291699566868531,0.04395121496532946,0.012339131068900376,0.0
8.982603339767234,0.11248482204961709,0.005990768933397607,0.013802507214604754,0.0018138256766898524,1.0
11.124150849591611,0.087356003931138,0.008740912200328034,0.003502295576961705,0.003628729034517762,2.0
9.572673900426137,0.09561941579610057,0.0036102895153337514,0.04491263256067463,0.021852466120934808,0.0
10.296685122912779,0.09762912636200537,0.005943361231439151,0.008027226845333819,3.781728846590016e-05,0.0
11.633826245066189,0.08675160135706568,0.015441358956185813,0.026542749699618787,0.003051817555299743,1.0
11.991529198401537,0.08993687614420033,0.00943007030245358,0.004213832909172514,0.005823180027029491,0.0
9.89629309791079,0.10215826303230846,0.017562920704404825,0.0057451789902810265,0.002338484354167815,0.0
12.030378834354096,0.09170636685052597,0.009618608646015776,0.03758994269282331,0.0024744222617504243,0.0
10.138189987651163,0.09870003700076273,0.009856085215234017,0.002977367660569518,0.0053533658193137745,0.0
8.743902664258806,0.11331503503159407,0.012563576634168494,0.010612325984156037,0.0050740795250462,1.0
9.108399471701897,0.11954624060689113,0.0,0.00022803711967240046,0.0028535093727699835,0.0
7.7791952311524755,0.11886960267439074,0.0108197572946143,0.010729244607848454,0.018303987445191905,0.0
8.667799219399521,0.14450240561467748,0.009804054047756193,0.0361785128591489,0.0022983770668316534,0.0
9.462974967888357,0.10889553900675869,0.01594415557406059,0.012809681436780478,0.005265301225656439,0.0
11.205377529067903,0.0920036103867096,0.01385871757665447,0.020695309135131193,0.0016303231486567364,0.0
12.581154746748975,0.0828940194308542,0.005465233257812797,0.0822520125370187,0.009627546147725827,1.0
7.926727726934439,0.14659678976571716,0.014968554474510322,0.007763659621776134,0.0027950673398150438,0.0
10.589241202389879,0.10061661138508197,0.00895074189767602,0.005678654632305804,0.008616130347131904,1.0
8.439184091263698,0.10421594789023306,0.006382187094815819,0.006745256591609045,0.008658707651588084,1.0
10.712045632694803,0.10444535765797754,0.01078841300348481,0.02295235808200827,0.0007401174732714821,0.0
9.80337002396841,0.09926145674122948,0.009188922577344728,0.01646152862290525,0.006408771396858597,0.0
7.2536412612287045,0.1390486815920499,0.016153861256114094,0.0072819575117952385,0.0020540917747349534,0.0
11.392445487352727,0.07923867513352763,0.01136248811396484,0.05038970545383653,0.013941312707952801,2.0
9.092498930786903,0.11470936403263009,0.010822635683544024,0.03051317197288606,0.013799035147363437,0.0
9.199149642439668,0.10318611363189503,0.01360258833142176,0.015584842546397488,0.006040802973448987,0.0
8.395371383065465,0.12007161084900717,0.014371486472370848,0.009416737548253552,0.031145292036488713,0.0
9.018575084968667,0.10839056102502648,0.013134420377189197,0.0016561046999656168,0.034226158816491534,0.0
10.641835661042375,0.10961380334954816,0.015677853891259814,0.01751121465715933,0.0030216710946419346,0.0
9.716133488595391,0.12060832996162642,0.012434729651655154,0.00044376018266709805,0.0012924987615135434,0.0
10.492993003423722,0.0956569765180232,0.010670605858906808,0.003066247884562103,0.0025725174427820114,0.0
10.542882780893265,0.09533742888407545,0.014956688248352118,0.07547758459739713,0.013206418606524564,1.0
11.980992483292251,0.08100884995454948,0.009636415439671446,0.006150476842149817,0.009166607697237051,0.0
9.48582077370343,0.1151732652440913,0.010132986065378647,0.03342286437193179,0.004852505538060448,0.0
7.784713274731402,0.12512080557875785,0.01688630766918766,0.014205871387948661,0.003534502434758819,1.0
11.600833624857975,0.08334355963359863,0.016487696511820926,0.012587859732265779,0.006165726031841788,0.0
9.502767741854118,0.11380194474031331,0.009967296772306709,0.009042386412383828,0.0001466591977084189,1.0
11.671888666866066,0.0820647096937309,0.008185793690777533,0.024792825639130548,0.002455739196738935,0.0
10.575065669773705,0.09427687592722847,0.015852694000833993,0.000950788679646763,0.0032122986671779155,0.0
9.803293704694983,0.08988508264362449,0.013201673431660857,0.020977984898344994,0.001988331804488294,1.0
10.523163841069442,0.10053557039406118,0.011262325016789452,0.0063974563382346765,0.00973234343214037,0.0
12.926518840189448,0.09035476082724701,0.008712509159240222,0.01436419420292474,0.0559119067139806,0.0
13.11547079358063,0.08077445776599515,0.011326786314858376,0.04153959765652988,0.02541610103096753,0.0
10.104071702699168,0.11124786511628562,0.00991316616044919,0.004909650087561502,0.0003069434580935174,1.0
10.240285889975613,0.09126228101965217,0.007342647281708017,0.06337358639122652,0.00013117291503644926,1.0
11.614360236199579,0.08774360109261718,0.010516169314348942,0.006748129248722779,0.009769390750498224,1.0
8.73150845084898,0.10620427272114362,0.01106169618255843,0.01958597783215539,0.009644270140294979,1.0
10.499605558927383,0.09352196651531763,0.008498419732319077,0.061806318892092545,0.0005946082675486552,0.0
9.961205728069215,0.10678677356852513,0.01361530275443807,0.02531718231439916,0.007271526660978675,2.0
10.47086231718633,0.09628422994884678,0.015155329569243956,0.006662455291832261,0.01482600207657034,0.0
8.749946791075892,0.10207383029225081,0.01387959077462165,0.010288352714535744,0.026083188004089552,0.0
7.615648760036547,0.11819641479238037,0.008895006459144022,0.035266580458455855,0.0015143905196915348,0.0
6.890524846013062,0.12994547082928312,0.013023286016753488,0.038671441436992006,0.003945352024661688,0.0
8.323923830515588,0.12495300770685049,0.010311845589840161,0.0019628890472077995,0.004974620542830768,0.0
9.311987072591,0.12666734750777234,0.005057016085736193,0.010948073636854124,0.0012954410919769166,0.0
9.560212620026856,0.11664579748300911,0.012690917513990983,0.01719907213215685,0.005537953656719846,4.0
12.905846743644275,0.06657945313242974,0.010584526563827792,0.01609316461488819,0.010177734980541494,0.0
11.658990054860947,0.09609754728077533,0.020374192008277232,0.011947864960613688,0.0001607218716176515,0.0
8.556863325487559,0.125956123898672,0.01582908345311424,0.026420435319992906,0.0062713341526796,0.0
10.521562678676435,0.0839905710771494,0.012844600627738097,0.0058845016591980775,0.05435334241903336,0.0
9.389382645474512,0.10395099691005365,0.01099668200515272,0.0245626770069301,0.0016117407818730888,0.0
9.573454242939857,0.1140233197443506,0.010654889020232074,0.014873652700196112,0.011637053810172188,1.0
10.277988474123074,0.10167540069247316,0.005985242385467569,0.04106927152102502,0.001189710355138007,0.0
10.92875667546309,0.082403682995312,0.003044051091200357,0.011242491540321956,0.0318837892540251,1.0
9.491112274173977,0.1106374722887853,0.00650976356367374,0.0168515399867512,0.020513427526886226,0.0
11.595777299101538,0.07268348740586437,0.009809131927318278,0.037566031818400035,0.009074250302509574,1.0
8.287092660786394,0.11853761088524713,0.0015778428871640639,0.01382387885745982,0.002199559853883392,0.0
10.009508593543403,0.10942685333479422,0.007822712830909004,0.029535122342492445,0.03211168553421682,0.0
13.896510589893747,0.0720664812946812,0.009009547867502297,0.01383243883485643,0.014283756045470842,1.0
10.334619613937912,0.09297595284389099,0.009138293786058169,0.020998196863536697,0.010929287741766396,0.0
12.149821759909258,0.08837494302947689,0.007353105607247421,0.0023761602910607185,0.012044721731754637,0.0
10.137280267259813,0.10664607911730678,0.008633944742474399,0.06521347972380434,0.0008955456938126325,0.0
10.871165642994695,0.10215022502626567,0.01689557531249545,0.010705229666717794,0.014409584971291394,1.0
9.914825208410962,0.10816648202317625,0.012648581125962413,0.0013230425577884192,0.019844612583141436,2.0
9.744388628253693,0.11189642520515185,0.0077587968924074015,0.05104717542207059,0.024731355655013016,3.0
8.83077640491187,0.12007841944844674,0.009726608846552147,0.006158834304781556,0.0032742042584325668,0.0
10.64545203843633,0.09595360645922899,0.009886746657390933,0.007863621701366865,0.011872126099349298,0.0
8.722694216221349,0.11546735381007704,0.006928178265039396,0.03921344187936442,0.015281755587934823,0.0
10.998377854470144,0.08921299450703164,0.0069234791290245816,0.0091669756479342,0.0009073143868229827,0.0
11.627930506668864,0.07805048096710919,0.014042096081306852,0.0013607706943789709,0.0018193277981474096,0.0
10.549797110855845,0.08781424487013627,0.008320862489932737,0.010445366364812116,0.0015153140094522255,1.0
9.570626899666463,0.1021554231942016,0.005621214451876514,0.0016269923465411019,0.0038549031999742405,0.0
10.680948368963044,0.09545069424825338,0.00982743862372223,0.007366318253830189,0.010196315240476593,1.0
9.53699041668038,0.11766508439220606,0.010472039012516494,0.037897438454084206,0.002679251020119194,0.0
11.403320688197724,0.08740101530268041,0.0021091831032246586,0.046462717578694614,0.012000750186679598,1.0
7.252890873677314,0.14940089326023911,0.009837014568731229,0.013740173055014009,0.01448689184162457,0.0
9.49658894782203,0.1147972874923628,0.013471919737393041,0.01987004137943284,0.016371128021749348,3.0
7.013782007314004,0.13996081122248058,0.011804917542087333,0.03155458766834246,0.005373425038532831,0.0
7.757408754659192,0.13519012768076868,0.018919180460779887,0.0073988258712818665,0.0007085424813956877,0.0
12.045793344720863,0.0814148376150187,0.015004437929248717,0.019794270416426542,0.02518766885520618,0.0
11.342777472957529,0.09799779271788016,0.015795736099003414,0.03333025005476931,0.000505579606874723,1.0
8.920779650072815,0.11794747503607352,0.021200343743657306,0.012295506063672024,0.013735307212107563,1.0
7.746244815938654,0.11736730691005592,0.013032625047098392,0.0012146609460429517,0.025850297767218443,0.0
5.553206743237523,0.18241817178261246,0.010652280831730804,0.014552713189264078,0.003167859293120385,0.0
9.184756738101049,0.12422060012974065,0.013894961173725328,0.04664841511087248,0.008398092864495605,0.0
13.630622518371103,0.07230822457303064,0.007763054266420025,0.02610762962689047,0.021658742452945464,0.0
10.65232640719547,0.09729953120069423,0.010430745277979877,0.01576669204031642,0.007271820231830194,1.0
9.160641570925765,0.11403545049111222,0.007409089427686746,0.02955042002880184,0.0030893083636876254,0.0
10.69762031425046,0.08603929675094059,0.011591938230251527,0.004365444450651147,0.0034448227740233885,0.0
7.658562470508336,0.13601805248860746,0.0073923636479207196,0.020656620142179272,0.009079335850969686,1.0
9.554014955953546,0.09362402111854273,0.007252286000553129,0.027529508453492176,0.010057522172251575,0.0
10.149216209523608,0.09371974274466054,0.011653893172422018,0.012845553555013236,0.002134721439467601,1.0
9.870849022268427,0.11041292995498753,0.009449154236877732,0.0021499727253397626,0.04854047771302701,2.0
11.186209182535121,0.09198394818669453,0.002289915457133012,0.027098693864946278,0.001637253331651383,0.0
10.516967839354079,0.09279633233851588,0.004177772314751642,0.002271104738643482,0.004714201350369209,0.0
11.002489027161996,0.09419344924900692,0.005410934034154147,0.004957722886344799,0.027535527271076884,0.0
8.967441576653862,0.11097972020536975,0.006468112375544103,0.020502114870821406,0.015198653562905477,0.0
11.346723112615821,0.08821990073459693,0.011657693317914553,0.08842502731086403,0.003562459158410592,0.0
12.443405421435987,0.08469952245503128,0.010875755388286544,0.0030211927445913454,0.0020594989986233336,0.0
8.544775720522882,0.11041497749680308,0.014261117486796798,0.0008732897333224438,0.011143136234040646,0.0
8.66845651642816,0.11573365138647858,0.013011207291767085,0.00399642170405409,0.006630921667935856,0.0
12.00367650448035,0.08125243948383816,0.014287611824730631,0.024530702143343505,0.016537348640266028,1.0
9.71298401995741,0.09068967010284108,0.012433584765836492,0.014434655963554354,0.004389544874548853,0.0
12.105732088099835,0.07674127903196606,0.01083871723636596,0.012029342403912327,0.004532316226360902,0.0
9.336196432161724,0.12142695149283284,0.014397406969150622,0.003438144416733843,0.00022870318597316514,0.0
12.182568364406066,0.08465016321895526,0.0136776511669604,0.004132447045694275,0.013038391758486704,0.0
10.197228725208179,0.08821281304689554,0.011504381470215964,0.03524656614537157,0.006850451553357985,1.0
10.387343234984042,0.08510951683666726,0.01508428748344057,0.01743786336413894,0.03853086229145175,0.0
12.347077032504856,0.08026733967942282,0.0006168470299864129,0.001758315858992879,0.007357765706652571,1.0
9.457344283833743,0.11980418150020629,0.008838147303438201,0.00607118366186471,0.005236197976055705,0.0
8.588316856112563,0.1147105333285195,0.008776838137393076,0.0028261671725253756,0.010265068480746847,0.0
9.327153687957468,0.11903116456159082,0.014610731509926282,0.055531637568729156,0.00809960268177678,0.0
10.678500925964707,0.09632012503733318,0.016285579987803077,0.0318996290838596,0.020493540508289883,0.0
7.651361391729228,0.13571698487595224,0.00419928251915895,0.017746224253037606,0.0008486562392491137,0.0
10.956206353976683,0.08202233204701988,0.015644668696597103,0.013119867782798956,0.007119483491554603,0.0
9.191843023573385,0.11726550645842848,0.005314219255894924,0.012455477850712778,0.005776065230583005,1.0
11.721718991100346,0.08305618205281724,0.00543513901775671,0.007176612911417143,0.029863505698565888,0.0
6.408609542649293,0.16719492509586345,0.009062857190690542,0.03174691291312522,0.020227066088201715,1.0
8.820151337343747,0.10622746084980084,0.008727174111469662,0.009003966323566516,0.007888283706070682,1.0
7.470297773148847,0.13577299895941838,0.0037663308811324943,0.019608417819313752,0.01392825386057721,2.0
8.76065580045407,0.11740679092837333,0.012599511893970268,0.0019420333845508876,0.0158694896439658,0.0
10.371498851663414,0.09523724217084413,0.012717609698906408,0.014834467801434008,0.0011101000376200054,0.0
9.731160061825367,0.106142844873885,0.014216166384654682,0.008796139773993265,0.0071690320532107965,0.0
9.619933646577978,0.10175888534397876,0.008266178680888539,0.007665455706523642,0.011447090357352068,0.0
9.761222692929909,0.09726243398817837,0.009841669140110205,0.03175685606185983,0.00632751579838482,1.0
10.305082360929916,0.1103389225488282,0.00987829134038943,0.012105890277226286,0.000493952318179732,0.0
8.487195937085339,0.12813864487902418,0.016751981765873857,0.018447860867363608,0.001353328109803854,1.0
11.060274461348577,0.08507441022229166,0.0,0.011858785475276561,0.0005497727722796915,0.0
10.993998955578226,0.09519060490841177,0.006172222604043587,0.011710332160865177,0.01418777264169615,3.0
10.577556906484151,0.08908638233523469,0.010022163371167191,0.009307937431796991,0.007043982588473788,0.0
10.834800164126895,0.08394965855070664,0.005657719060337988,0.023241173299027838,0.017944647567683727,0.0
10.44462700121299,0.10399807097722967,0.00896671857091553,0.008315518447999975,0.018481000659839184,2.0
13.052609954096601,0.0668491907941926,0.009495697854520363,0.0551838842323498,0.0007403271702009602,0.0
9.869358743421236,0.1091222562877219,0.007369255564830125,0.04251232879073178,0.006664810711563689,0.0
9.539375172498135,0.10273054642007554,0.010257875704410691,0.008411835159882109,0.01908559417403371,1.0
8.869708629463933,0.11085129339213624,0.012512597111031254,0.020520123762826543,0.002677696010912189,0.0
8.451605994133246,0.12226354194353807,0.009054934219875993,0.021355424390928524,0.012752827856115527,1.0
8.133292318598388,0.1288031645838263,0.008187221064125057,0.030230072446510256,0.0006202739300003473,0.0
8.666804030153623,0.10800178189057796,0.009336940333384511,0.007462689173429069,0.035087146545138136,1.0
9.893979427521893,0.10704474174015845,0.009970254613417643,0.0043628331946977215,0.008518985530048182,0.0
10.501442692746572,0.09609259664639662,0.003038721738662312,0.018692476623800577,0.008875821919322489,0.0
10.076713087828242,0.08975141279048637,0.011846215671845114,0.007675417367055414,0.0014451193244758387,0.0
8.85169708385543,0.11144777759104302,0.008195995082212823,0.007150243849421384,0.024078495120846945,0.0
11.350276846029946,0.09839750665608146,0.015046140299244205,0.04142719827144637,0.010004632177671818,0.0
11.10911900845142,0.1029369391533191,0.0123642139025699,0.01956783962263394,0.0031286812800078237,0.0
9.760527538866974,0.10850504889725575,0.01468026561687862,0.04004392920644261,0.0029304852362085428,0.0
9.020625783002933,0.10078747490154048,0.005955984825140367,0.00874708093220721,0.0028648337292583046,0.0
10.8226418812447,0.09609751153369171,0.008514453435250294,0.017770420152554495,0.00832779036280078,1.0
10.281960381229156,0.10410845693410803,0.0050301660501703635,0.04606429073664015,0.000889860096417945,0.0
7.827809110877428,0.135385904694659,0.007179235164282696,0.038857299260361806,0.0013470176791792663,0.0
9.898029616023393,0.10757797284449991,0.015008421698034367,0.016583535497700867,0.016531695269767676,0.0
10.393053718111572,0.09905533704717343,0.01594996231168998,0.011827431216011845,0.0012939644073021292,0.0
8.65045782026837,0.1149330799070398,0.005407466820782161,0.01505575671820243,0.002000106676740794,1.0
10.284765089256165,0.09261232170755242,0.008166889326730866,0.01739058430772503,0.00015951802429147138,0.0
7.8177662721133165,0.10989458264502762,0.009695217311904203,0.018669996073433885,0.0023560955669232543,0.0
12.004279150018256,0.08559813009816845,0.012342422567239126,0.01636690103773135,0.0033379372688247338,0.0
11.871924977589147,0.08549544839183072,0.0029607589458540305,0.00476598502245638,0.007512497053374589,1.0
9.621223998545553,0.1086780514383187,0.003587999673886246,0.018936427530618034,0.016290676245499083,1.0
10.54518150675861,0.0852069290278486,0.011958504575489609,0.011461212092580657,0.003707528771373276,0.0
6.385117051300187,0.16490784332745026,0.0022038457243283025,0.020209355185454,0.019080189897019914,0.0
8.265478509602001,0.14259825359931882,0.008212810375444518,0.02376826202385052,0.004242477640611495,1.0
9.559331619771806,0.10526842104729475,0.010648367234235363,0.0078068168767306875,0.01468216765765754,0.0
8.391800467859712,0.11857752417333962,0.01166266387973247,0.08190484988378754,0.0057428675389782635,0.0
11.071594723945989,0.09258180878556346,0.009433127617824673,0.01138049951557243,0.012247814293180646,0.0
12.995944796121991,0.09053213503335969,0.008536973123809877,0.0026419153344717852,0.002969705951930014,0.0
8.235077920856046,0.11188377757689073,0.013378283438865917,0.021625516505306884,0.006673353993548072,1.0
8.74380489387221,0.11624108997712214,0.011140823705463031,0.011485061802511179,0.004082835220581534,0.0
10.353172552464896,0.09060321387452161,0.00741193351219416,0.043339690030278086,0.0022087142025710663,0.0
12.416674222749432,0.07708854040274439,0.010150891586728954,0.002193960985212571,0.003713021943256817,0.0
8.166438531190146,0.12196756647400211,0.011532676090624772,0.013396822560660762,0.006743745432447242,1.0
10.373554183460413,0.10737006702793199,0.016872948965805525,0.001881838156165816,0.008172471956338342,1.0
12.731948276219663,0.09071476017760653,0.013145294673166318,0.019972125497049097,0.000351768797247169,0.0
7.522361277731099,0.13778941786245752,0.014858227423815776,0.019504849225959287,0.01011236704659616,0.0
8.078396189731253,0.12011316495374294,0.00755757041480148,0.011493705056016358,0.028434606709107604,0.0
9.364590090308743,0.1303520443451906,0.00790326837497999,0.007311935152985998,0.030940225320721198,1.0
9.219117380716883,0.1048228325774044,0.00905848002874804,0.0101514233387264,0.014519275396477285,1.0
11.218901931630466,0.08515425509230343,0.009425709413447345,0.005922375451413623,0.0010189473762774112,1.0
10.362489579731257,0.08372748682427675,0.005967900168788439,0.03514745156912713,0.015660220638056208,1.0
7.337556910536808,0.15238903064647585,0.015063734506227274,0.008759227601538815,0.02991759773509461,0.0
10.773115604351217,0.10029954831155595,0.013533406551035168,0.002858946202724368,0.010729801633136964,1.0
9.133691668966524,0.13284855086428,0.008777288554793972,0.0023497747796369915,0.014818389945107433,0.0
11.911670825411859,0.07511909216291862,0.012566842596055415,0.0339721462581105,0.0063062897412629266,1.0
9.05861869534462,0.12405094115774046,0.010891596652015351,0.040948088176062776,0.0004767424302380081,1.0
9.045077075346647,0.11117944085432191,0.0128793119237255,0.03622656116723863,0.0016894497273728967,1.0
10.811697416206798,0.09865359307179572,0.00462277150589748,0.007161728378792947,0.012049193348294044,3.0
11.144389723505405,0.07864915614696392,0.009417355707210261,0.005294050883102003,0.0023621256175580595,1.0
10.672149045904305,0.1053791047867907,0.009767845888376819,0.0074186615051876955,0.0021735477014770315,0.0
7.471604023922787,0.1425320539229084,0.012494568398446605,0.0071961155925194245,0.003032927116174982,0.0
10.807051659892377,0.09224458884233593,0.007486249595271467,0.014663681142111622,0.00024116111509828506,0.0
8.448537922488402,0.12463268539203201,2.7710367041418327e-07,0.0017566349824006166,0.028500735189963083,0.0
10.352914167382394,0.09085343582212965,0.0056732011292683175,0.039953336342321545,4.874128071282699e-05,1.0
7.86439834690141,0.12139552739794375,0.009755808057156371,0.0019154127068720644,0.006991757940093078,0.0
10.669483221314595,0.09031396310244638,0.010255536902013326,0.023910703506302745,0.00835398079903281,0.0
8.790101643538941,0.09809248664224146,0.016734992490499936,0.04765417496605938,0.02214652214904445,1.0
8.076048024609218,0.13266051039765994,0.012330985762632396,0.012135288718051794,0.0007674027199016666,0.0
11.0707302047236,0.09936282612674875,0.010326121116925957,0.0026870201835074072,0.0014497239629914559,0.0
10.362466782515128,0.09123671858284366,0.00987043489287425,0.003639691579950835,6.927130277394366e-05,0.0
9.079034797910655,0.11325519475181055,0.014416733528678772,0.011235213697732,0.0037778733521285626,0.0
12.176768273531597,0.08039742469512592,0.007639558191370247,0.0027617590720721086,0.004524490500175169,0.0
9.339021367645387,0.10992691411379667,0.009438864849037606,0.0029153548857044635,0.026630877267757005,2.0
10.048161510956403,0.09464749545145609,0.005642967519446793,0.008100936867274594,0.011710110411753105,0.0
10.403370171517901,0.0895638212626352,0.015675624194781218,0.01664035531760576,0.008831823825805154,0.0
9.07050109880708,0.11992826343581915,0.011569995748006455,0.0007574253933640893,0.013833029311251197,1.0
10.706704440099895,0.09292340054734885,0.007169906815984216,0.03555765615850612,0.0033267511042338244,0.0
9.199821479252913,0.1277838181794786,0.009542179958726768,0.03425573756237299,0.003746882742183005,0.0
9.382542516675686,0.10697651160584791,0.012038603052825121,0.013176317118199322,0.017875802610791188,1.0
12.043963959705012,0.07710016475945572,0.008997124349110899,0.017381090812420372,0.005710673783783557,1.0
8.43912092123135,0.1307167021138197,0.007862117513149598,0.026805088987741626,0.007287717082326601,1.0
6.3808295036057645,0.16483107918280862,0.007382905256062675,0.04181533047547213,0.0004701352751055107,2.0
12.416405492517843,0.08536075794107471,0.01135584759696446,0.003327344723047636,0.007252910995341193,1.0
13.823991928910505,0.07956686243269752,0.00856778288315726,0.008765559382185081,0.011635414637817082,0.0
9.392096101826002,0.10105481376121231,0.008184969060949015,0.009973605743452185,0.0006099880039712231,0.0
7.094742939069722,0.13952181034329503,0.004655752979778377,0.0007712592578750517,0.009640460639720709,0.0
9.534274035706085,0.10345597843526053,0.010310562306108679,0.001846794906501212,0.005762147213768391,0.0
9.570665575238996,0.0942351076561931,0.009275106244832368,0.004210685785191011,0.020565838838297625,0.0
9.715114238466615,0.10078456563688297,0.008713406605432142,0.04497525591243584,0.0018663834625600184,0.0
8.329917937117228,0.13359489255173274,0.010795082709954874,0.004034117570790798,0.001232092561425993,0.0
10.869341713714716,0.09376542530496948,0.012992009050943592,0.031676267875603945,0.003163658336902546,0.0
10.786761062929129,0.08324189927100574,0.012806261887761874,0.0001551706129251451,0.0032231921246098083,0.0
7.758391570271041,0.11380803041163298,0.012210914003599051,0.027815116599365492,0.0010722323561607697,1.0
11.048795097542332,0.10340113952967045,0.009037318885457115,0.03330380706351028,0.007649895686265257,1.0
13.079027472918836,0.07590782438162044,0.007732006656235033,0.017963049998633806,0.0007631002410639178,0.0
10.25794049865559,0.09256493276234679,0.005824337434710251,0.046796849594171,0.002660009716737934,0.0
9.494012256897241,0.10304591098607792,0.007627373970647672,0.0005395069154153392,0.0005445680777857242,0.0
9.786995178388718,0.09078700665440076,0.010078600380546279,0.001886406933399868,0.0037048326806279498,0.0
10.922885150452842,0.10259023447038229,0.00685485551339007,0.010373185710359752,0.0038393428420264546,0.0
7.403992591739173,0.1308814104994684,0.010384228556469772,0.002135252551187467,0.0064695465442136816,0.0
10.246586054465954,0.10887525953441399,0.0061381732883525435,0.022425912140990236,0.00067224060975762,0.0
9.414304075805784,0.10666116986664283,0.0033560324439719114,0.00388193259224079,0.00793000175716751,1.0
12.771737519434069,0.08778433901086033,0.01327762448345918,0.02331614382883285,0.009914462098708077,0.0
9.738740899292564,0.10481312480424722,0.008102341618536622,0.009851994875293982,0.019271454563828852,0.0
12.50183141667928,0.08563882514540881,0.006651865387104435,0.014248301225894483,0.007510278086282946,0.0
8.34438895332699,0.12693731619262505,0.005624611434810247,0.0010806716237036435,0.002790604137720288,1.0
10.880888750204189,0.09660308143193388,0.011692143898921602,0.002418957357761211,0.013344053609369837,0.0
10.479100395686844,0.09812156823154933,0.01549963084587187,0.003052323557315133,0.0024263189215425725,0.0
8.696429128202826,0.11286751816887917,0.008387704555975423,0.023021010040376034,0.02155080726952048,1.0
10.26609417195541,0.11353866242500114,0.009137746501349674,0.008460098947995195,0.010638908627544784,1.0
11.8187782552474,0.07868957456304437,0.01428652735955629,0.004794766471784372,0.0031677697160350854,0.0
9.514312443570098,0.10514103638133357,0.002758217182566751,0.009518648086975768,0.004245761759140571,1.0
7.462056026245355,0.13417100807907367,0.017867474571650666,0.0010611084561238156,0.0009440105517156315,0.0
9.973655760283831,0.10354469408762233,0.019776401209305478,0.0225486558738668,0.015107400802396092,0.0
8.64636535781123,0.11174935084904263,0.0,0.0038887274365190547,2.8149959080054847e-05,0.0
9.486488592004177,0.10810105138715782,0.009609987084332972,0.0181340463962696,0.008333107384923074,0.0
9.87761834547232,0.09988069738500131,0.007124211872521746,0.02239743465583165,0.010358516766265497,1.0
7.441521675976724,0.11840651228137496,0.008940912916381065,0.014141445787753698,0.007328376728650137,1.0
7.576512491018983,0.13208774830754577,0.008326459721536306,0.005985656097212505,0.0077286960634213794,0.0
10.723100253288289,0.08539689448388459,0.013247036393917434,0.013084810371721494,0.005207868706492026,0.0
9.215921955745479,0.09445011225054978,0.009549720372128038,0.012329012883088955,0.0007386656592032425,1.0
6.15288348726915,0.16431483497782298,0.0063563711432001735,0.005480494961229895,0.003550104716939759,0.0
11.177266054912202,0.09302832786193733,0.009311259354819502,0.027103849247119477,0.012990551326057443,0.0
10.40855463291136,0.10020950991355679,0.012059136947849639,0.007592212871620874,0.0057829049098157255,1.0
8.929187763945274,0.11719081463818484,0.0052651146889388725,0.015004840368340001,0.005116334971041742,0.0
8.024754683412638,0.1067636014243159,0.0034150652441200784,0.007207888233494554,0.002393784772812315,0.0
11.253711844471505,0.07969253429206627,0.01797097120334128,0.006137074767713369,0.004477411508510799,1.0
10.524025933840644,0.11127183444857269,0.007430293281166255,0.005679433035737026,0.006317267557052674,1.0
13.57390342402611,0.06775034111778877,0.009450588052321908,0.0024158326977782754,0.014083298083669036,0.0
10.630282898087406,0.09878203500575576,0.00840881837669771,0.004539862008533368,0.01577641855189397,0.0
10.581554711893022,0.08945072414234415,0.012192350816328568,0.006464254961478778,0.01987739575037944,0.0
9.749608104837153,0.10322406442704578,0.017091159692364175,0.013461072021848288,0.03627390521091805,1.0
11.225163800801187,0.08468486674286496,0.012319735366917137,0.021575798396710363,0.022426059349955785,0.0
10.93762780187223,0.09562837971946257,0.003926539409840036,0.01847495029654572,0.02560285756963594,0.0
11.877587512847793,0.08511846451463605,0.004463506291965881,0.03289357597587517,0.0466759786786688,0.0
9.218015622044073,0.10466160205514423,0.008404140898692333,0.02961539096400702,0.009973290157402618,0.0
9.346888790584057,0.09836627102393251,0.008927067201866933,0.01437031555857102,0.012268816146170251,0.0
9.28134524363203,0.11007596483903963,0.0031121949218135972,0.01071642444250501,0.0004429899699834709,0.0
11.186202581768484,0.08113031333444767,0.013277363680697762,0.006674384076949359,0.04154887978984008,3.0
12.247561660445097,0.08448946848656853,0.005654717768474086,0.012687340535552299,0.022443963553969933,1.0
9.311739260276049,0.13250205854681046,0.01597320624850302,0.001239277438944477,0.0030598386361101997,0.0
9.362839408310363,0.11898771863145807,0.01728253038882288,0.0047797059604358875,0.002020380253934421,0.0
10.4711158358047,0.10114979289970501,0.00900698586947129,0.004378383782115851,0.0018680979494217324,0.0
9.631357749980648,0.1031188789854442,0.01175589056167274,0.008563900294058133,0.02498769408351251,1.0
11.428080479709834,0.07493203795700801,0.0050722111116631935,0.0019666557018716306,0.023065947751083834,0.0
6.622334064071429,0.1358463519297477,0.012494705305916457,0.027663455090326278,0.0005989003176820358,0.0
8.759942429624658,0.126493304068818,0.00800723030626252,0.01249245844865987,0.0025631146140053943,0.0
8.826375499057832,0.10636008206821512,0.005651058713646586,0.002848531970030778,0.017518321783523326,1.0
6.519465981420783,0.14504189666977507,0.008842660046988063,0.0268969833565928,0.004154078659743684,0.0
8.554542333446793,0.11535805717454009,0.008137007966378548,0.016596015722686427,0.02746630321435177,1.0
8.627265826231111,0.10647007346865796,0.008699362387984983,0.02367101859724217,0.000885946314071303,0.0
9.698343018221754,0.09347170144707292,0.013798719611265435,0.014746751525970655,0.021843114548664527,0.0
11.669448837490396,0.0853485224116429,0.00685876962945707,0.010177117180163474,6.33650691664135e-05,1.0
9.632409023213947,0.09666965715391213,0.016940091999095505,0.045018383592124206,0.029590031693532453,0.0
8.45377941959327,0.11148166998523332,0.004699761468698585,0.02198940709272571,0.0035516063454040523,0.0
9.914568188179707,0.09475122638306603,0.016461721092714383,0.01517720615297306,0.009566289540172159,0.0
11.573760432162024,0.09008949741467882,0.0059339575123732256,0.011754503922121675,0.000148247255229383,2.0
8.536061775827642,0.11499463472113147,0.009995947069853538,0.008917839382162436,0.00036988382380278125,1.0
8.634137674117827,0.1141765208092216,0.00803921554608792,0.004473380831524071,0.0029582076715220927,0.0
10.837823438911336,0.09678274891229688,0.008625085313848582,0.0016283454136780927,0.0015453036990017736,0.0
9.667695826403799,0.10226854113435724,0.013205428945422195,0.002424937415166951,0.02937146904898754,1.0
10.971227036064212,0.0891409527482342,0.015999307188915242,0.050140100088678995,0.0008418871030508147,0.0
9.979529812307055,0.10404831215307501,0.014762098819822569,0.007306739265253719,0.004421137285014671,1.0
11.05249547213435,0.0954454489805034,0.008380574670632608,0.0037439631056217833,0.008304266528948126,0.0
8.44738282893904,0.11699517913948003,0.010737020889618214,0.02720355983219067,0.0028803088885069415,0.0
9.981873023817599,0.10082971971066622,0.006871688505326552,0.0048307148556101616,0.018765595363052615,1.0
9.683964978455265,0.09700287701073092,0.006033798749701221,0.018517183792707288,0.0014927533053116725,2.0
8.176163613843805,0.11416874700273195,0.005414796377085325,0.00894650683249443,0.009185772867043543,0.0
7.654783078196967,0.1389280797979332,0.008249706772063483,0.03113574418707192,0.0033194919526633275,0.0
11.028623552911993,0.09395882080286332,0.010998422524059769,0.00947334860820151,0.0037024227981244783,0.0
9.473571426673033,0.10947247933182662,0.0023527393609939808,0.006037267237297192,0.00044674173139710516,0.0
8.466579577529005,0.12079525775019428,0.009814585189676938,0.028449441220454622,0.002132199363809178,0.0
9.855731594615001,0.1018395328678207,0.0160641004981981,0.0016193193157078183,0.000824021861196998,2.0
11.692028286023953,0.0904286338830805,0.0144876442762965,0.01876143046706761,0.01849505229187436,1.0
6.578893231942116,0.16380839972994252,0.007659263693893336,0.0227127609739857,0.02495200923835393,0.0
7.75504196514501,0.13869958169481886,0.0044125083628688555,0.0031795223679099184,0.00399578237384689,0.0
8.615670337157098,0.11513557744710108,0.011839321225859307,0.002627912170988513,0.0017141666321143839,1.0
12.191768300080494,0.09164786719953233,0.0007302869991700003,0.004287589238790112,0.008106111737104994,1.0
10.423880474378945,0.09770304839526732,0.01444061646353071,0.0023332972178425502,0.0003894879919160357,0.0
11.15097586069184,0.09433180044776292,0.009145650168467039,0.0176355877416506,0.0500200920664986,0.0
8.289758621310654,0.1233840018451655,0.017325201282309605,0.005420964759617992,0.003417874716109435,0.0
8.32069618709421,0.1225807366905336,0.003092138057694137,0.011556272403755575,0.015994460937725906,1.0
10.671720575084066,0.08834925920251739,0.013672584900831333,0.012750800460306586,0.005309924478416337,0.0
10.08741149640317,0.10485464797088112,0.009597964652743205,0.0019273718971307289,0.040129531397852226,0.0
10.82310822829619,0.11601219692326771,0.008675797874111678,0.012600457981170887,0.0017950389196879116,1.0
9.718493513607322,0.09985718895840226,0.004520626139151422,0.023235054401087887,0.0035916405291059844,1.0
10.417215589681941,0.09654170329422983,0.012382991626846866,0.008987910276938984,0.006022728057311214,0.0
10.237178627357665,0.09425772641621516,0.012704549539107431,0.0037540342013131878,0.0062943823077319504,1.0
11.166651083627388,0.08612346723473968,0.017140511207863557,0.018310348127186057,0.004256544523951484,0.0
11.210512422916706,0.10093323815976224,0.014032201051442369,0.011707861022624427,0.004290259742723937,1.0
7.570192008412345,0.12517329861204365,0.00762441868417706,0.03362610696869949,0.016350469041654485,0.0
6.629097166988717,0.1452360311605739,0.005984549665529941,0.02620457547357858,0.0003403514378544979,0.0
11.50261809647726,0.07656814916749698,0.004526034265910455,0.0010678662949358748,0.04106036112098023,0.0
11.781587639892905,0.07988662145927998,0.01589289738255788,0.008284415456765004,0.006415051291139591,0.0
8.469065470729994,0.10299321569313794,0.006887302862888536,0.019565758477545808,0.0030579478444745494,0.0
7.210246890181557,0.14588176450577015,0.01592091947588523,0.05459921851616803,0.007663409569202697,0.0
10.148552231510802,0.12327282626108714,0.012100288163448266,0.058225646858414346,0.002911587979817369,0.0
11.396257339525794,0.08521146389511483,0.011319611526375842,0.039377894309178776,0.01120011231949528,1.0
12.696391783651471,0.06893036573470263,0.008772526749758806,0.0002907465241714466,0.00883199243517042,0.0
10.774446358152176,0.0997411170366927,0.012642691652009003,0.022462933400117284,0.00039282923285881543,0.0
9.442424955121458,0.09992185737439632,0.009938116948652792,0.006408783856913138,0.032260942067913564,0.0
8.660304067622706,0.12811819031685823,0.008523146834124758,0.009251464855612988,0.012325654570078122,0.0
10.017176937505981,0.0976013809076632,0.012784019146592801,0.028800130070291433,0.00047716856050998075,1.0
9.551102944172115,0.09953938395529201,0.009424111563115478,7.733102479819549e-05,0.0007013753644736235,1.0
8.477398141406775,0.11629325889159585,0.006806660885044693,0.0014513586774845377,0.008778133079715538,0.0
13.073133476294931,0.08127335087104207,0.012399307101842606,0.00910697472975059,0.0020896765728815243,0.0
12.677752603108196,0.0774562247409666,0.00974405737748574,0.011717309991919484,0.004570318184497152,0.0
11.704073025333143,0.08211169049736182,0.01195564004703122,0.0004419194770717206,0.0038671205061654355,2.0
8.618724403286308,0.11419547329922933,0.008184560566583255,0.0016432470452954827,0.024620622135480764,0.0
11.282528986445918,0.08005800563344388,0.005163514781276177,0.011060663669400141,0.01956772868365696,1.0
10.959439614246852,0.09419024849287688,0.016940295850057102,0.023243686346486298,0.03986780708433651,1.0
10.66381843630608,0.08128492659233479,0.016186445643054298,0.02374705526431131,0.019597045400145813,0.0
11.874497900565666,0.08127451474692857,0.013535139845047846,0.04635965390915734,0.009721432719876109,0.0
10.953056714291916,0.09701712665695252,0.008448757258502908,0.003548340108749903,0.01777421346371859,0.0
11.110021354456503,0.09221765663613378,0.00879872810735571,0.020138007784788827,0.0012175145434865817,0.0
10.955359425058315,0.09569366914031814,0.01552930978358586,0.010957502640738385,0.0009352084059289683,0.0
10.511187112003158,0.09464296003249957,0.008584679849730346,0.0319669218314508,0.005074435407876116,1.0
7.324583305428725,0.14991953349717027,0.007469775854610811,0.012295872359915385,0.022301624636360966,0.0
10.125431616115836,0.10634419687719214,0.017488938702545812,0.06957911014739573,0.011414640029245809,0.0
9.165712061726312,0.11306659568473314,0.00980928927354451,0.011687146841414458,0.0006137569666512869,0.0
8.08023856353997,0.13329137799427285,0.017073701314055383,0.0031036450967760953,0.005434111010436755,0.0
12.522724928951236,0.08479564414479908,0.004406432357239992,0.010382708092107196,0.00048068803877874503,1.0
12.593493011328555,0.07666290432460222,0.012072739531138008,0.02928934247861208,0.022823597566928495,2.0
12.038830900443418,0.07459742820658263,0.01828433039686646,0.02716457853002123,0.012617492856047364,0.0
10.382820125283812,0.09960692794398844,0.010119002978635447,0.0029028679860276796,0.0027952186870273837,0.0
12.025937681428985,0.086866862187134,0.008943982030928815,0.030610784408165073,0.004505718417134874,1.0
10.01807977090274,0.10891868564922844,0.005328992329606322,0.006099657645000923,0.00012002874892156686,2.0
10.30419591534667,0.09004399590496127,0.014329372217740988,0.045233138654939414,0.0038360107104638912,0.0
8.359792944307026,0.11125302757990695,0.006919487669437251,0.01628024918999515,0.010654686246552598,0.0
10.59548695674826,0.09791689890929767,0.009620765762440047,0.005428442808783189,0.0010330217779523894,0.0
10.090578892636625,0.09853971986406948,0.005061990880829554,0.01373981384166476,0.020390738631345925,0.0
8.046021824748303,0.1068810532357139,0.01622757840038973,0.013282827555927133,0.020638811795164774,0.0
9.923204332275105,0.10384382061618928,0.01461954124290273,0.007520556706896787,0.03336387647813876,1.0
9.880405654214787,0.08727009735602102,0.009873661003147476,0.029192434531202245,0.00569178142854418,0.0
12.69634174996696,0.07302638790971361,0.005383404257652288,0.001930215638642919,0.022893721489859176,0.0
11.341319992770114,0.09824232157693202,0.01614362819697053,0.001079310559917985,0.005033247588198031,1.0
10.0171681586372,0.11552017194566422,0.008536273091811411,0.0005365254012920776,0.0030078052096971083,1.0
10.373180964701625,0.08746852789501564,0.005579180636729926,0.012272256529945612,0.007908062320674333,2.0
10.066318567156298,0.0967576017899677,0.002951527950109824,0.014474247286263727,0.002014810566916549,1.0
9.695629022806678,0.10349154443444926,0.0074161394724249,0.0122600580626648,0.008579133651234102,0.0
8.37635920391757,0.13766732352375488,0.004181447509880242,0.02581912610308705,0.013856666528513665,1.0
9.773422183589606,0.09836244589038305,0.007508716653908702,0.01568487288503492,0.016105688216198174,0.0
8.88085261502123,0.10838687361269239,0.012977634934790861,0.06775670018728272,0.0016858173031269147,0.0
8.12452669161528,0.13931894186611246,0.008498399344099067,0.006716345433092546,0.0012972281350983358,0.0
10.766832721821302,0.09013439030996942,0.011422773528454843,0.03833702862527828,0.0068322358971648085,0.0
10.586896989899852,0.10007444031949217,0.007106661361871073,0.026569948445039973,0.021270006103052037,0.0
7.319938732947883,0.12138676873116938,0.010260676265456925,0.038792121041975894,0.0071893210593279595,0.0
9.815973043757309,0.10048874168642181,0.017683603288344084,0.011033936250106853,0.014492145240755257,0.0
11.493552078849886,0.07618779982474311,0.008606055687892415,0.00738303269953228,0.0040036009191478,1.0
11.588835608344482,0.07930319274246789,0.011537717750478635,0.020718385438390625,0.003983276763615231,2.0
11.538755264327857,0.09268252976086054,0.003737891090126246,0.007517614672414639,0.0016312749816797068,0.0
10.05836981035219,0.09902355417933521,0.016080424489667483,0.02572184198990471,0.009814534402887664,0.0
8.732432008046274,0.11162922720201368,0.008091173484220539,0.10054985879437844,0.0006536860046261949,1.0
8.374451758962909,0.11246810778641048,0.014202134599626003,0.0168641026694126,0.005369450948438681,0.0
10.516907357125536,0.09342122861361417,0.009507278816964379,0.04818966100534724,0.010960599289234254,0.0
10.568920051547744,0.09692395566044344,0.012446317460083225,0.0065997006923236195,0.02480671899581367,1.0
11.930996667407598,0.09067201817976739,0.012684049708844004,0.025705542078494566,0.01820559925245854,0.0
11.649969475513124,0.06957741269144872,0.008190238641949132,0.007099661727748541,0.00015699868754848732,1.0
9.801657015203242,0.09545576347380287,0.014367625743047409,0.02801684971557424,0.0015340128499840779,1.0
8.133691181708695,0.12452022318606353,0.006964060544027602,0.010949220065045352,0.0005736196666139962,0.0
9.521340104483654,0.10419984309697752,0.013111736880110171,0.09260356333624484,0.01133519280757867,0.0
10.325846792215787,0.1000205064160888,0.008439178823333875,0.02996254565683435,0.007533059576096538,0.0
9.696875131915894,0.10535702490514981,0.01139823179452824,0.02739692571815224,0.0033006631489683907,1.0
9.133158837883517,0.10685301844564708,0.008152027990582957,0.010061105248956346,0.014543059158631987,0.0
10.37932722245485,0.09236895731982739,0.010199903898826383,0.012634481341358935,0.015097032024155282,1.0
9.244063387884085,0.1060736442783187,0.005701225193232932,0.014147096314080973,0.00487838901665503,0.0
9.057900874411938,0.12102743619701012,0.010990227938755176,0.005801772546541789,0.0005033499122622575,0.0
10.467179251455159,0.09010269435639928,0.010176751339838344,0.01674423165656888,0.002972712739175549,1.0
9.397011129806193,0.1058834612707627,0.00783938578371011,0.018023348211899583,0.018081540746310847,0.0
10.366156583467529,0.0978931258429698,0.009779888134438815,0.0036416724834821986,0.00019443680814434336,0.0
10.409806034278184,0.10883523178464284,0.01053601790467164,0.015503642036225741,0.00633954758091541,1.0
8.290856498362638,0.11775160194832583,0.007534571786939551,0.027815672037908877,0.0036932162534699282,0.0
9.278138314201883,0.11637280773523179,0.009484965697081323,0.052829555074420116,0.023910635342895174,0.0
12.156665409874694,0.0907797296072241,0.0059777922364203165,0.0031434668827901267,0.006380527880784596,0.0
8.256880730898569,0.12049497575192405,0.01938293215584403,0.0030542798466530875,0.007182899367934365,0.0
6.825018326544203,0.14407049586202444,0.01423647464083274,0.04088997563225321,8.042468528618576e-05,0.0
7.207232270136233,0.13514468988037925,0.011092376422526204,0.0019309995659063492,0.02327985927160018,0.0
10.043664919865003,0.09754827159113638,0.014688451709906781,0.006240932911080205,0.01954049934267882,0.0
10.046375917049048,0.10657857468929467,0.0020829900932648887,0.012822176773905401,0.003202390354803423,1.0
9.823583716862318,0.10369460416460342,0.0,0.013611990119882619,0.006585766818382166,0.0
11.821284743392752,0.08620056716685962,0.008402835753000375,0.0010930028669488285,0.007139122061275059,0.0
5.990748350345593,0.15255437052636325,0.004485743425591564,0.016220836961353933,0.006606675687466638,1.0
10.593900811646236,0.08736350498919863,0.009053577902206683,0.017577745523468368,0.014839028607919885,0.0
12.34215730270536,0.09617891932565668,0.010822626562379596,0.04492330421320769,0.003217792955107549,0.0
8.308328852662429,0.11866100532112345,0.013681657993362446,0.02734852484472297,0.0051438763408898705,0.0
9.430290232315157,0.09966819764708533,0.0054469440628991455,0.0030933381472549046,0.02489889432324809,1.0
8.870662124157068,0.12640534549157278,0.011598522744640287,0.0030573614224611075,0.017663561912853773,0.0
8.658480930883707,0.11812704145545169,0.010057558772608931,0.0003700841347324094,0.004114319901604734,0.0
9.51060699246544,0.11012322554779669,0.011390037239732339,0.023369421652418468,0.0007861581899099582,0.0
12.141227925526756,0.0814593876792955,0.0079209121969856,0.013807554041857972,0.027411293500764412,1.0
12.75608001323128,0.07642068533712551,0.015532540559448482,0.01778128705365371,0.010357591243231979,0.0
9.496091162439779,0.10388745106416698,0.009585965406281096,0.00035795604964559995,0.0015729515789004802,0.0
12.857590321096705,0.06963044514479268,0.017096728894015076,0.015097258241548325,0.003933790899436787,0.0
10.053364715476937,0.09877195519873538,0.006838445385271105,0.00277493005076227,0.021512715891948003,0.0
12.630536540051622,0.08107061040169598,0.012971309359822214,0.0026581577953530494,0.0185246605898058,1.0
9.860052025519762,0.11760139441529321,0.009761326077757886,0.04759416146104601,0.0097884478175968,0.0
10.196586739069216,0.09874908849607865,0.008689030333332945,0.019006345971104458,0.00542166002213518,0.0
10.548211708964251,0.07865449472472597,0.012529261361870186,0.008469612705511732,0.0006439696088593963,1.0
14.768280519051302,0.06720547864887388,0.008803306083241641,0.02165367998034331,0.013061527820569943,0.0
11.276928362267183,0.11040514201190786,0.0,0.004509904418516812,0.04320378379577812,0.0
8.939103205072804,0.11989655223219428,0.0,0.016746823492319356,0.018925920662539175,0.0
11.453496805413787,0.08182551237843427,0.015089688641136197,0.025007821082009364,0.004395739620059308,0.0
9.457251194373487,0.11085932228434779,0.014921033831518785,0.0011863704778587792,0.02072539273874936,1.0
9.265374725648186,0.10170840053536576,0.017549363785023787,0.009573957147867409,0.003286773925620118,1.0
11.362902039838167,0.07897227452568474,0.00992988700687129,0.017874624784119643,0.011624228280463021,1.0
10.04662838165673,0.09680015892981131,0.004829460792008435,0.031329100049886226,0.012304729092806159,0.0
10.41786387176771,0.09669438953807236,0.008321664629395995,0.0056152655629838075,0.003992884576604918,1.0
10.02097783279794,0.08591016521699633,0.010045698061445252,0.004009414803498403,0.009066179031047018,0.0
10.504874689908153,0.08683268708751929,0.0059718471028595635,0.012654954731160345,0.00824883771254339,1.0
10.637448846154223,0.09408526437680836,0.016594298891895468,0.027403588657525405,0.023935873072809817,1.0
7.0945496009418765,0.13642494330530971,0.018958011518574947,0.012961800671493863,0.05662888943114962,0.0
10.9998590029143,0.09382747521621938,0.01191312280292071,0.017276473735419556,0.020054016004183724,0.0
8.52697087025455,0.1064151154397034,0.009956545013207217,0.009243875851110419,0.0057687892769558305,0.0
7.836551296660883,0.13510949542457734,0.0048201320861022716,0.006122452448844278,0.01871074534998643,0.0
9.912383134211977,0.09176855988615944,0.016185735584624206,0.007824247169715476,0.014128326710708844,1.0
10.125971504971682,0.11262575996348627,0.010305227243396185,0.035269387462102314,0.010461822824525938,0.0
8.95974075314158,0.0972955568261972,0.00884334240635755,0.01929195581834621,0.00911281805650095,0.0
11.246547786501962,0.08147446996543302,0.011924696354698151,0.02744833778604837,0.010942900379781274,0.0
7.98673725044364,0.12945879186751888,0.007657153884043259,0.01150682214090644,0.014893665852865789,0.0
9.389584376841162,0.12166762105589185,0.010587500692487274,0.0376173775762121,0.006505812689305191,0.0
9.1226887976005,0.11241463537422774,0.00423013259661736,0.02423697681576118,0.0016167374625879695,0.0
9.93011909449099,0.10534192006583826,0.014348348757009736,0.0038619057744451895,0.0009660722159412844,0.0
10.418296426970858,0.09611973932121491,0.009582355835457308,0.014856980520997723,0.0005390108465929346,2.0
8.488160575564683,0.10852397144658965,0.014635203442536049,0.004177539540453394,0.004752579572628727,0.0
11.086424016184342,0.08673200073357899,0.009195455288633523,0.003805876703771214,0.0132477888740841,0.0
10.094503552502049,0.08991020305246579,0.009455201164864088,0.01392441584989099,0.005896425660928972,0.0
7.1620806200321345,0.12604739076382881,0.00515073028683217,0.03873698686407172,0.00020217958606805864,0.0
7.0621128394044534,0.14622564126062484,0.013039027892072574,0.004946456986553024,0.0026541548966177533,0.0
9.981521060606033,0.09157566320300571,0.006496640183907634,0.021148935316435358,0.022662797646496678,1.0
9.66854902332047,0.10610629244581853,0.008054310507203085,0.018718032197021853,0.0020293672418269485,0.0
9.84486982963805,0.0915292843645932,0.010004188744330147,0.06565927107487748,0.04715192086276268,0.0
9.958026315204673,0.10283101704662631,0.010484896734757426,0.006266966967814499,0.004611503890386891,0.0
10.33833975926527,0.0930187775716328,0.0031756122391289636,0.004547957017540445,0.004231184903763939,0.0
11.42147441477245,0.09798253197758905,0.009076776538047934,0.01285894090479773,0.0029775857640070595,0.0
8.333342648623663,0.1231481542450322,0.013180920874574854,0.009208380172845676,0.00303710132190338,0.0
8.242042610648808,0.13393702242582872,0.00848664786190439,0.0231419501730511,0.0077025309875745,0.0
8.360014213168926,0.11260019127688381,0.009101072983146713,0.048200215587546794,0.026703470038760804,0.0
10.43337500075306,0.096277721150075,0.010649624203370907,0.019967560026902004,0.008825758427280315,0.0
11.86742106796967,0.07790353932227403,0.009496158269812004,0.019430762976197096,0.0010029464596683307,1.0
9.352990842640734,0.1034378233070139,0.005877937990449582,0.002859743834567744,0.0004874284297880497,0.0
6.247450233760518,0.15674394074819115,0.009854615505332382,0.011367713547422918,0.006824404208158722,1.0
7.444010706084437,0.12675763081548463,0.013976292680023584,0.016020460858897013,0.00446601368588131,0.0
8.750444915805982,0.10369050031652899,0.005795296210931638,0.021084729585402254,0.009872284877621564,0.0
9.163406668757178,0.09746134876404798,0.008502072442056727,0.00408542584886775,0.0010766003765580266,0.0
9.38741705911791,0.0883410814430826,0.004473474704259691,0.004006209885154915,0.00029017767315517393,0.0
10.057871684471376,0.09136769611457399,0.01376552780196138,0.03127507934889441,0.01813581556287111,1.0
9.53238050376633,0.11030621971121798,0.009630567172648485,0.14023953130440758,0.024486198255643292,0.0
11.57400941581511,0.07602888848737117,0.006599201465576547,0.004092688946370675,0.00029124154361494855,0.0
8.985974041477947,0.09974735403088167,0.01036906240057271,0.013746243679836614,0.002973543358906044,1.0
8.706523060786685,0.13254929882901748,0.005185599140418189,0.0029426081769835474,0.02394303946813659,1.0
10.718313307780692,0.08866646914499357,0.0058660178741583744,0.016985848002031748,0.0016068433955556637,1.0
7.696536895110821,0.13330883258030335,0.0041594658805928775,0.010657049881232642,0.021773625963294952,0.0
10.584537557980003,0.09945909314894288,0.005732883049770401,0.0036220312725475825,0.024800973699383368,0.0
10.1538297755894,0.10384572841844132,0.015429350335999226,0.0008333019816666099,0.00405082221261121,0.0
9.778836265122749,0.0905361895100987,0.007067526674869616,0.050345669215397036,0.0017291741358340257,0.0
12.382414160723894,0.07928058361536562,0.011864900490605915,0.010926691646713397,0.002187133230202765,0.0
9.066688832057924,0.09690101253091156,0.006654794320176313,0.0019132398095802103,0.01066706783066309,0.0
13.090447255786117,0.09290504598118851,0.013038134983052877,0.05712550699968314,0.0037774467080292336,0.0
9.661852826157851,0.0911020060270037,0.005895671996274738,0.022899476353974588,0.004177998636711086,0.0
8.084475332544658,0.11374765753078409,0.010156911711047026,0.0021488749054417076,0.004775280934300985,1.0
10.104879371492238,0.09105728348494818,0.010211405239475795,0.008723915328387906,0.019293671618787214,1.0
8.385632199521847,0.10579493573999221,0.019311221345706366,0.032135505192509725,0.006481434168959047,0.0
8.87236622827975,0.12558982799516016,0.01252170115192066,0.010128920430262645,0.00031188196113015855,3.0
10.595549950023237,0.11456209771836415,0.007628383942682906,0.03356540927073813,0.039694733437215385,0.0
10.833373132975186,0.08886015794483054,0.012740195854602055,0.02102197072565301,0.024658918836039604,1.0
9.066748449618613,0.0992366818310382,0.018552697881940833,0.002320608258824111,0.0022936093307847133,0.0
11.481107717569602,0.07282784452173634,0.00348145563806282,0.008873703997173096,0.0032458120561978912,2.0
11.736261637031701,0.08355818765973073,0.006630071829725094,0.02323807246745705,0.011580117984698721,0.0
12.154452634844937,0.08021820390485795,0.009052409763546826,0.02520438143801818,0.008463779498647201,1.0
10.794120110688583,0.08793958434765639,0.008331647091432196,0.015155230583381543,0.0018500304470432864,1.0
12.045143068128548,0.08450441533655761,0.0086689732066805,0.01664138194755091,0.003957434489673939,0.0
7.178802358038913,0.1437731289476241,0.0047830709376270285,0.004926200421474792,3.892586990425612e-05,2.0
9.523140177057305,0.10775684942052367,0.015615824214200049,0.019669615153030066,0.022801057866741394,0.0
8.699492115514861,0.11207862599352363,0.004309565606093523,0.00499334264940896,0.030016850036709206,0.0
10.178838791691089,0.08995545430315809,0.009199148761510003,0.025451821300413974,0.004272829672563836,0.0
9.142826171204893,0.11535938934298089,0.014183322367042792,0.052703146678100256,0.0005313583447396282,1.0
9.750763237075402,0.10265879477169802,0.00987926057141659,0.004821362367108566,0.002136000563596644,2.0
12.823262320306075,0.08372712429812523,0.006082423332388924,0.0016845767124940563,0.009666253715031973,0.0
9.745420305369432,0.10930737421334406,0.004605297374504169,0.02471863268091399,0.0010213434362099367,1.0
10.620688475785322,0.08403307501456592,0.009080003215888872,0.029745169662057733,0.0010580428208165947,1.0
9.651596005113648,0.09237849482579945,0.006971881736598134,0.0005355399157352934,0.0008591639543733834,0.0
10.11356993193525,0.09307763610984936,0.010820924366811912,0.04001891263866725,0.004672873958609519,0.0
10.009025020654107,0.09181418976359827,0.004394195409103282,0.0035581399036692715,0.004280262712923317,0.0
10.67248609895974,0.09953470565706712,0.013252142947550487,0.04084734335667507,0.012720208862534778,1.0
11.747961303320766,0.08754739760559793,0.01046219809265786,0.0052768882406255884,0.000163074929843398,0.0
12.471090996404994,0.08755583927197488,0.010759345577409908,0.031935237036441695,0.0044646285735979434,0.0
10.46443012286375,0.09864152564068737,0.015764307112960067,0.00983237135652279,0.07901799092359332,0.0
10.884320329053404,0.09342173190905306,0.008248818006512537,0.028354073727369346,0.004247956657854619,2.0
8.27370323622165,0.13304021634392324,0.007096733221067105,0.005830935768085226,0.012277009344167939,1.0
9.86818488637657,0.10521622639597916,0.0078089454866125075,0.007228506314192684,0.0013559409441269358,0.0
11.410434197325383,0.08811785138470699,0.009229893721906968,0.014598803189033815,0.002147978565341975,0.0
11.29895295762573,0.09963180678967498,0.009636140420834686,0.027799220152800883,0.0012915393994578348,1.0
10.317414599192576,0.09782073259530884,0.006677209053592908,0.0035471553115354205,0.002992202419203844,1.0
11.32959093935193,0.08614139382367218,0.0019076589878677646,0.001454398991299529,0.010194123889927144,0.0
10.736150063490728,0.08710487570633123,0.007756283996483848,0.03946265244447722,0.010396126990849573,0.0
11.800459387388983,0.08964512799610966,0.01143930266514756,0.008556664874746689,0.005600812974168713,0.0
10.434038735435667,0.10581009230824032,0.01054503322501397,0.000902127430378513,0.013596139541542563,0.0
9.466452526643447,0.10520954741165173,0.014798217879303308,0.010112935335851838,0.002921098855597638,1.0
10.503761885399536,0.1057053029128136,0.017821946175855155,0.01104823970230274,0.0003098144305729198,0.0
5.604108436220836,0.15242216896869154,0.013037335085833874,0.0023971387081211815,0.01460037772808387,1.0
10.574328604577573,0.0941500489491949,0.015530082569632904,0.08615222292250095,0.012093032507357715,1.0
4.527380762177825,0.2201709107812224,0.01306709716905248,0.0028313406480517064,0.00026818893334169884,0.0
7.414804888891873,0.12724534420414338,0.016839597023709536,0.020247636883084345,0.023365599240294428,0.0
10.677652901411477,0.11333081616947634,0.017403414537165072,0.01915590880890683,0.01747320939939738,0.0
10.716294005900194,0.09282300250518641,0.013804660683115708,0.017476155641633736,0.004402200039013655,0.0
8.256356829790104,0.11723182548486927,0.012825520585698342,0.005442273118258756,0.01618637853254471,0.0
8.931846937181591,0.11219170396858576,0.00917907131225053,0.014777441488475427,0.01317981705751276,0.0
12.055811482921198,0.07066732877962724,0.00983465087614436,0.01072084722670177,0.0112836802311192,0.0
9.273954802640986,0.10146926376295959,0.008648650674598952,0.007753570763564033,0.0007040519089758899,0.0
13.364380468604477,0.08094917452951655,0.012485006443580223,0.0001054305246008548,0.0048736521173421915,0.0
9.99712022023548,0.09512031624228143,0.007118607850562606,0.03488905892353841,0.012371882387533988,1.0
10.6120542653219,0.08818657284573657,0.00923557516088036,0.0029532501329110838,0.008397798136597934,0.0
12.42531159774791,0.08936969833673752,0.000579320459286799,0.025076544137823384,0.003366526863347901,0.0
10.19654067429013,0.1091722726788102,0.01689235957909004,0.0021741727298726123,0.015705069719730902,0.0
8.496484028963799,0.12266561578379707,0.009118101669654726,0.001483459087543008,0.0010858517288480775,0.0
9.835408822458565,0.0980381680909114,0.011822321749346307,0.00903114806783659,0.00845485978626887,1.0
9.946583895714864,0.09862930502099636,0.01583114677884561,0.008370906854133588,0.019821492249155317,0.0
7.952887521697652,0.1179060603943769,0.011201173749764719,0.015886116509341897,0.01682175296413758,0.0
9.616251892988766,0.09603559046906833,0.015777374808373726,0.03949379042954373,0.0027792848923234277,1.0
8.886711859003846,0.10350758017595593,0.005033048751394533,0.003158172570754442,0.0035461106858806686,0.0
11.386536635781152,0.08358626947119803,0.01958950635839081,0.015570294208271013,0.0029352381689732184,1.0
10.051917811277884,0.09158011440232522,0.014348440793955062,0.00042877178891739825,0.00986430749339113,0.0
9.575806376278646,0.09215013242134622,0.010836809969946563,0.004958647245604685,0.0012040862953273056,0.0
9.840727104066136,0.10341788245275944,0.015700317330501784,0.0012970319027085701,0.0017375428196922066,0.0
10.334683027609248,0.09859468964386811,0.005325460456042512,0.012453830898577978,0.0031410610285792693,0.0
10.92522129953467,0.10487243456258107,0.008845540484922025,0.037371849418127594,0.026230681004816566,0.0
8.500431656995929,0.1115163552646387,0.015777001585609518,0.021211208660917844,0.007656008861852308,0.0
8.437618551068091,0.12135780152463209,0.002531759276420141,0.02572439113435996,0.014825656527130481,0.0
11.657018823103796,0.08795838568091756,0.01224183109983522,0.04634750201726136,0.0026779063831558507,0.0
9.381494691692904,0.10445007175419826,0.012128704639380615,0.0023058051583483806,0.009584870185221035,0.0
7.874736861104688,0.13477978123519,0.01787690326728865,0.0055279903139732675,0.006844455067141431,1.0
10.665719064074658,0.09975716088238312,0.0036681783211110547,0.02969742309585772,0.0004661022371083292,0.0
10.69505470904903,0.09598257923426093,0.016438524228126535,0.002980881640276462,0.0016098198134414507,0.0
7.70392711411494,0.1271762460925813,0.0077621170274043885,0.011234476807875274,0.016660475857975532,0.0
10.34422257319541,0.09394642865915481,0.008211962160352582,0.0004719662578601551,0.008904018662603102,0.0
11.10337463864256,0.08072803263863551,0.005111982452160827,0.01175043596851133,0.008927595117238483,0.0
10.561579677559395,0.08877090935068728,0.005648591850132299,0.006005366952507727,0.006979479158938944,0.0
10.947972225642093,0.0869071600344327,0.01161408938981569,0.0070353560827505065,0.014257668277947767,0.0
7.893596352863876,0.11579086725182097,0.005550672340874578,0.03835239881890544,0.018169988493782308,1.0
10.496560232494293,0.09868190435186451,0.012961137334611662,0.002131349279316472,0.003095715402639277,0.0
9.54607036079433,0.11527907402214962,0.007348135812120986,0.009416732303407994,0.017687921117365123,0.0
9.275814761913033,0.10025328510833754,0.00514786477660541,0.044954254820046675,0.04750296217124749,1.0
11.305833414129589,0.09047845625953346,0.007888763414560422,0.0002711778270155287,0.011660991046894685,0.0
12.218911766011345,0.07534228203010664,0.011346828767025224,0.0007064245317006265,0.006155354857020127,1.0
12.691555081900539,0.07689375679565946,0.008890586952275922,0.022008422221301713,0.009498642419569138,0.0
11.972211807258859,0.07903893909180142,0.010136840473331193,0.046574376149026056,0.0033502803791813354,1.0
9.835398727554724,0.10668909366746007,0.012784829847344336,0.042450819440843064,0.03765789354366527,0.0
10.529080244539514,0.08995515325221584,0.014329685806467794,0.0025110983673082422,0.02114884654612379,0.0
11.150234307676365,0.09724441973662383,0.008759618765642276,0.0027601269179561875,0.0019742375528227648,0.0
10.181766923949192,0.09630295973507674,0.0058231119376953655,0.005026739401201816,0.012030048455444713,0.0
10.196146281867316,0.09310958649171272,0.010304377915690065,0.024888811171651537,0.004605660657426942,0.0
11.235629697814273,0.08051157042296084,0.011882598344416287,0.0078078283481142745,0.0006428411814555094,0.0
9.911076030961102,0.10296186912721325,0.0041570987761121985,0.0004283441344067996,0.010994223651811368,0.0
8.906069595439508,0.12061935128618827,0.00643756681196966,0.010715122942446845,0.004999918619395405,0.0
9.378290401246213,0.10898644242742858,0.007123252416148237,0.06453235738020581,0.00011004294888914798,0.0
10.950865566600614,0.1092286413099434,0.009168711245118494,0.012543038181501502,0.03130765110006238,1.0
10.004489936799933,0.11206782734342627,0.006955864385492857,0.0013706947717006676,0.009204548275733592,1.0
10.510314965302507,0.09283241749165422,0.012828162900387598,0.015111232331193838,0.0015758073297812295,0.0
11.005118863303284,0.08858411640975473,0.00357946719416633,0.003073959017521154,0.011313512613686856,0.0
9.437737805653585,0.11001477823211107,0.0036811252112223013,0.014192928396002648,0.03404939667247713,0.0
11.134372245444709,0.08398824277880551,0.008664444753954151,0.025503888756227198,0.000251346210812847,0.0
10.568263905187592,0.10387651152911358,0.009297388783440573,0.011440497419348179,0.06252428002838085,1.0
8.147780369632782,0.12633508450740455,0.004181424508567585,0.009831946951420902,0.004169992623725713,0.0
12.163457186779366,0.08391764049727525,0.007573004629409741,0.022731424324491045,0.0072861071332281785,0.0
9.248882884364626,0.11422941031024365,0.008395824730323643,0.009540933111718202,0.00277745106443369,0.0
7.517356985222224,0.1526834857733803,0.008426808211911418,0.015850374487139125,0.01795595574357197,0.0
8.432434435620547,0.12022274066533947,0.010607525933157166,0.009295793267312955,0.03959142232338587,1.0
8.468432258982517,0.1170225499884585,0.007353684462305752,0.015899583915473928,0.01486748935065399,1.0
10.078259977986301,0.11195222550888631,0.015911345200033095,0.014785888089177081,0.003195172740872359,0.0
9.589224241680645,0.1126763239933992,0.01195281855893429,0.017391689215160752,0.00776716036617523,0.0
9.49475204853911,0.10265128500755066,0.006771545917434712,0.023784752244702768,0.004722068113402573,1.0
10.92955294822372,0.09153302122433243,0.010378045973470293,0.005745659467386703,0.010436279784892885,2.0
10.509813041789055,0.09664808156241346,0.01049606127442242,0.022477387437215716,0.006769803898390044,0.0
10.47407180596643,0.09827773127409867,0.014858885897991125,0.0272014819477044,0.03855340830576876,0.0
10.61474268599304,0.08451959801549525,0.007598470284334595,0.0033331470003403587,0.0044419150201837265,1.0
10.924202002003357,0.08091310615562719,0.013069354790882294,0.015201777162581896,0.007776922705162578,0.0
6.838069987333835,0.13621827344763976,0.010167417903129911,0.0034681723344097814,0.007655201386594081,0.0
9.453342621603309,0.09792558054566335,0.015966266065795064,0.026299062102016834,0.004191305734200124,0.0
6.729684903265789,0.14113558654412361,0.015163565810557632,0.03874862506473217,0.0067463865943318945,0.0
10.054089890196693,0.10464279776258759,0.010787917218370401,0.01746878524785495,0.03488256277982436,1.0
9.993050541663482,0.0987262670181087,0.008950869515935758,0.011079019496120336,0.011381462259723998,0.0
11.56829841218452,0.08781201935261833,0.012026423638717823,0.0026141331921036653,0.04088872375643703,0.0
11.781451589081682,0.07695990797973928,0.009278199891491336,0.01359426190456216,0.013166758160244405,0.0
10.304162572378551,0.09352941220934634,0.01672122842391334,0.013865495412753127,0.035498277195426496,1.0
9.249458383904651,0.11331492567129772,0.010313880312708048,0.0021339129456019743,0.0014958157857674424,0.0
10.727741668818608,0.09776028493281588,0.008377429469948652,0.004760455452509881,0.03029997579604908,1.0
9.20812354401353,0.1024836510973409,0.008161539655704297,0.007116808843551851,0.020656915829482113,0.0
9.997911022834977,0.10132286448897711,0.005147857659205171,0.013440853299889602,0.0024849200496818544,0.0
11.47920447544115,0.10386853524546188,0.012226236512373291,0.004520403465410164,0.0016066006906682046,0.0
9.163342981015864,0.10897694850692119,0.0067199551894419896,0.001140257066145789,0.006351627232300764,0.0
11.208517958863752,0.08440497134053003,0.014392593008750988,0.005530985936140852,0.0050412696834867534,0.0
11.016102053038454,0.08952306149062074,0.004828259783993707,0.01731084946159799,0.015071167246736203,0.0
8.567812274303767,0.11757977328246517,0.010508965795893001,0.003046483983985738,0.017910201441258423,1.0
11.460841192326102,0.08620478593899059,0.014600895033989814,0.011774666417098059,0.026440511823872023,1.0
11.047849518057257,0.09028859106579512,0.0013910117415054553,0.009179438584889885,0.004691805401619864,1.0
10.152888831058986,0.08775257936060427,0.01807306217516874,0.01783798935945769,0.012696805644150379,0.0
8.856514812958522,0.10454227297825575,0.008298859211207562,0.01950350215453412,0.01711767012086614,4.0
8.711190972136645,0.11343159208602087,0.010564381528648557,0.011024625174264113,0.001614085873046532,0.0
9.193506134645466,0.1073437671354285,0.012285796902065375,0.005091320859923495,0.0010880040363954885,1.0
10.81389169493794,0.08837848532514882,0.012904516224462214,0.014514595563540497,0.009101360849631044,1.0
8.566562248897903,0.11509152458447626,0.011095535753038729,0.0881027849809349,0.010207181928334214,0.0
10.656268372929805,0.09430065813592024,0.01398953833482547,0.009193006356111751,0.0024625411573221375,0.0
8.13736670668241,0.1319524629073976,0.012076282851687251,0.02133771693615799,0.010757829086527948,0.0
9.693897123341726,0.1023421708412626,0.017043524560129215,0.001467706550440405,0.01847283643048012,1.0
10.164471631861012,0.10157374321630369,0.012089310171418389,0.006234510810244045,0.011813358149656452,0.0
13.667695217588374,0.07006281661365632,0.01785854207953235,0.006253616192526805,0.007204934865775996,1.0
7.934026516719449,0.1319419789599386,0.013604315360950624,0.003981389635795832,0.03233912150269396,0.0
12.2080218497352,0.0844129172994078,0.0027769994969269497,0.047745018591379605,0.011845076854022911,0.0
10.22476362098092,0.10481617015191642,0.020444410713551367,0.019727020111985186,0.0027853419934342274,0.0
10.616757877023945,0.099723208319909,0.007702623566091125,0.008141763861916155,0.0012332967546910764,0.0
10.177521870082307,0.10299418996729023,0.01598217606080694,0.00925677045147018,0.010006671445277619,1.0
10.66709022729285,0.09301107426083942,0.010107173772477754,0.019686229080444772,0.031112960208601784,0.0
9.769472343456973,0.10438520599555096,0.014244361030410319,0.0022301869604347013,0.0044861690598905065,0.0
12.181075272186188,0.08938496158388864,0.007246084356536824,0.02669668048609006,0.01657759572161481,0.0
9.315293283662916,0.10189387441956475,0.012502978172358351,0.004923461599243583,0.0013623780380311037,0.0
11.698351858268872,0.08129094978664865,0.008987237818422379,0.0036773319417457233,0.005510069490930545,1.0
9.033449319680466,0.11231815477598005,0.016316012446359555,0.031171175349605167,0.031513137016736095,0.0
9.90962223039807,0.10432086882755112,0.011754672669668037,0.049824066957269236,0.01390880816638018,0.0
8.392056171564672,0.11155761618287123,0.013743770565206266,0.006557150646235624,0.01334157130422249,1.0
10.68253558052128,0.09305251904280144,0.0013436925141077187,0.034709337781552864,0.0028486278154491187,0.0
12.167688935389801,0.0815691711921459,0.009657709280845498,0.004635926713099125,0.002820431680346903,0.0
9.883965730268718,0.08474265270923216,0.011642206540233183,7.596253569854971e-06,0.0004837334322414438,2.0
9.704671451944137,0.10124875375080276,0.010894459625758829,0.09901333206771745,0.0024240414593363043,0.0
8.32807455539811,0.11857403918363914,0.013844628854871402,0.0273993312185284,0.014671876216959256,0.0
9.656061019671538,0.10224235663860089,0.008536383019450183,0.018734959263056825,0.01491507774007212,1.0
7.610808610417708,0.14715095997196762,0.010195148420138522,0.002703741984903278,0.019054132818634145,1.0
8.63068301992176,0.10512685547370337,0.014724907057659968,0.0018928725381532876,0.0036074939702409863,0.0
10.340179069163703,0.0905360656015821,0.0008852439862185729,0.01010036070414933,0.008088686675360581,0.0
11.978519796612094,0.0677391694370059,0.012357402006553365,0.0014072019203279472,0.0027087134648693897,0.0
14.213816291844255,0.06769873374430217,0.008664460696025788,0.026470933360423523,0.030577852301468356,0.0
9.120122372393649,0.10623148912539937,0.006350727501785515,0.008113432077698334,0.0005918054667783173,2.0
12.15295023496816,0.07899504641325879,0.01134617689710392,0.029775782174602798,0.0015697528005493813,1.0
10.365628720602471,0.10541174515962685,0.014909805187234622,0.016381457906191735,0.02212590135373994,0.0
9.773128529880436,0.10961432274669432,0.014156575325936723,0.002969058441880282,0.003944211729369077,0.0
10.648891677589228,0.09449321169607186,0.009459547876373486,0.0012690041542977053,0.007358238596023444,1.0
10.09287472551994,0.09618529934524571,0.013502963855043794,0.0042584992826972465,0.025679390285493636,0.0
10.165593588418329,0.10678757830287196,0.013472271593783378,0.008099810631037138,0.004587880552012397,0.0
9.387500255759996,0.10635638802100592,0.009650514918027334,0.0330563553689612,0.005278114510329217,0.0
7.902835510301724,0.11851885424116804,0.007227677792047168,0.020623847161113817,0.03426999888538703,0.0
7.684562196216877,0.11343636036364049,0.007459063875510681,0.011170733313329276,0.00504001104973511,0.0
10.979867324921841,0.0879164355059546,0.013351413395472548,0.0044315671989172785,0.01811145655227374,2.0
9.58494986487143,0.11082281032165617,0.009831412745149237,0.010567241820182307,0.009356807014006045,3.0
9.10586665051575,0.1317570216785555,0.0058152711210776465,0.01548853175858082,0.0013310289839300643,1.0
10.012758440084731,0.10036604801371558,0.003260548657963501,0.005590693376234983,0.00019543297506586073,0.0
11.192398379373442,0.08403992688977814,0.013327325808385517,0.0021893152496660893,0.013146734791532555,1.0
10.270545914539598,0.08855978702724449,0.007812886310943104,0.02580555170874612,0.0016045203312869578,1.0
9.015917595038548,0.1159222878007594,0.011321551022623926,0.005876597946836378,0.02481083032067898,0.0
11.839439433473425,0.07334319395019905,0.014958827628276494,0.01427312665569581,0.0021281496066980544,0.0
12.368778254472447,0.08448782763965614,0.004764302092586059,0.0414908358998667,0.006796368418008207,1.0
10.74183498298428,0.09938749271911433,0.00981945047794862,0.008721030925234876,0.026614419432771232,1.0
11.460495267016135,0.09035548358312975,0.009317223415124521,0.015722964152942245,0.005206966067576285,0.0
11.862939995220717,0.08282774507473734,0.011518971502511842,0.0021669777419135346,0.01776514357637369,0.0
11.69514897460677,0.08945863977015295,0.014956639993681738,0.052600977306418085,0.005040967514672445,2.0
10.921148765668935,0.09282622395248938,0.004682192741350368,0.0020959161735369415,0.008622773967299067,0.0
10.897520570612324,0.08622585535940448,0.012279191794823069,0.041216689902206415,0.0005045136212759116,0.0
10.779490860019754,0.10757012177109182,0.014126095099974806,0.015730564445085957,0.013478920171176686,1.0
8.353993488179434,0.11638239079508962,0.00925449174417287,0.044561688690045086,0.025904873392951548,0.0
11.051084735289379,0.09628252842956406,0.009450212028427506,0.016624213739307146,0.003555705756775332,0.0
7.966279043310169,0.10344588471058583,0.01167379747593969,0.02319525778580652,0.016711732760327693,1.0
8.808100817312418,0.12573809143061387,0.011379268311559153,0.013942697513665567,0.0024223277013056123,1.0
11.95534760171213,0.09407362329240748,0.012329410429468491,0.060420183337568746,7.472273394900585e-06,0.0
11.260330244041295,0.08901955197480776,0.012245122105604868,0.01257156888483357,0.010145505875754694,0.0
12.231097434528793,0.08549648663352385,0.006072110777537395,0.011112358962158937,0.01103992772428446,1.0
9.592488424469062,0.10901180259984466,0.013961065990819775,0.0071619355523919155,0.007371196183400586,0.0
8.271626738084848,0.11483558390686642,0.014667132648760954,0.022711640021485433,0.004931423395793607,0.0
9.639344204394487,0.10838307972222393,0.010744331574761193,0.006677536959153749,0.004412171290501392,0.0
10.153046945860861,0.0923227868581577,0.004023378773801332,0.006535712772010527,0.007049251868285152,0.0
10.118483074510015,0.094131332958989,0.009541017175999637,0.02583145048876306,0.015175737202405651,1.0
11.700520718135053,0.09352954575917072,0.010777623507762273,0.06219362451729928,0.0022819238879823894,1.0
9.458094362494831,0.11430347503141942,0.005421599048852732,0.00029921308098667765,0.01507169769753837,2.0
10.528051707704387,0.08976561116466798,0.008559447745691947,0.040609893951286787,0.0004979073596713147,0.0
8.51705927584809,0.11071928627773009,0.004362522449765833,0.027805274642369912,0.007338839964003964,2.0
10.67547591706572,0.08895747177203565,0.012429168899945777,0.025580930541759223,0.024743295128141995,2.0
10.004662825278455,0.10598686564798081,0.010663821259608205,0.005810138269669346,0.013678293016222358,0.0
8.875279992573224,0.10400995473792315,0.003416867340743022,0.010051912335191333,0.011940185390733243,0.0
9.64625595673772,0.10666813085499609,0.011405859446327923,0.01174657247192592,0.008619192273304056,0.0
9.723736380227168,0.10917292335777266,0.009773964210438836,0.017995188676089423,0.005563800395516705,2.0
9.594767305994356,0.1034902872578997,0.012065657131017619,0.044268168380204476,0.0001046541749888279,0.0
12.657011863401525,0.08565683435910344,0.008433870264978289,0.028496102892191257,0.0018839388673118147,0.0
9.85233099653818,0.09905768813311498,0.0067940823970279035,0.0004451540988890707,0.0013163309447923428,0.0
9.634155834733994,0.10203665865850388,0.006916621494168773,0.0677469990674018,0.0026502520627046384,1.0
6.853823563584788,0.13493172361179787,0.007847319133806381,0.0007791306160226691,0.005163824713066509,0.0
8.658688972030784,0.125281868232683,0.010075300386324188,0.0008506472751888863,0.018333763995932416,0.0
9.605389863315471,0.09791593047467104,0.010591833861699169,0.0021238214027418678,0.0019081660872795386,1.0
8.971220985735036,0.1146306520922631,0.009237120488767589,0.010587648160235304,0.034027505812447005,0.0
12.072561390066696,0.08236122615050666,0.008306721804013924,0.00552680295741532,0.0066983629687165595,2.0
9.752593336905672,0.09425457827574751,0.008594386927978074,0.011662666593114634,0.03468875841118047,0.0
11.932666373977378,0.07981786206014062,0.02003089914202773,0.002693537754925212,0.004111432527586218,0.0
10.092556951075553,0.11067376740251327,0.006917099394007165,0.00929519774354595,0.01216370069493774,0.0
10.055841754632365,0.10106199573013577,0.007768111965815229,0.012745776953413727,0.01897496227785256,0.0
9.866805328431248,0.09348931255645818,0.023175416433472595,0.008041312329109438,0.008646605514213592,0.0
10.005694377432189,0.10241438418540291,0.01168405320984221,0.009433018416984934,0.008618739482272073,0.0
12.578192504574789,0.07857877270443075,0.004480077336385217,0.014167440393346878,0.0020675724608182396,0.0
6.520583909873173,0.20217124029205438,0.013370748815909054,0.018572873838273826,0.009007228692815963,2.0
6.997681383341982,0.14620157542149498,0.006359844443195409,0.02199453971096187,0.013502632129832982,0.0
9.185243753415829,0.1056051389826552,0.013636246031220389,0.006615243799452306,0.001828563997663755,0.0
10.021791822906353,0.11178703724787706,0.009156150882517275,0.04587795372697478,0.0027552496494668384,0.0
11.035156637146018,0.07820911113285642,0.00824081660204237,0.011743244919004428,0.008369697074008765,0.0
10.709630797041212,0.09408112861008983,0.01643665987531033,0.019293404700015827,0.03910156364510904,3.0
9.423631130679144,0.12447303099118215,0.01226560541063698,0.04187614491237292,0.0115720852836103,1.0
11.528565539862644,0.08593845674275143,0.01389195774979683,0.012225977366502199,0.002577980916299981,0.0
11.545293104729097,0.07540045917902,0.011739678718079787,0.005549571674809902,0.005112296155326801,0.0
10.276086746907348,0.09427936293800633,0.008222221904827607,0.022643431254557426,0.00455439554038776,0.0
11.443986358730262,0.09816525549662536,0.012445417681032833,0.044040045520546967,0.0005993127253811932,0.0
10.408967895148193,0.09900527331212595,0.014836861570737842,0.009597862708669259,0.0024010122293094435,1.0
9.157775459825675,0.1021092679956608,0.010538952174070214,0.0037175242332217365,0.003106473706124571,1.0
11.046725258500008,0.08569562953652159,0.017206570417386026,0.016436777545210147,0.0034907778261049727,0.0
10.165919683868017,0.09406051378018855,0.013401948812807634,0.005336687695895809,0.0018511081441977945,0.0
10.00200977013173,0.10291105380836596,0.010847930199086447,0.06889411680919212,0.010018011108445135,0.0
12.209430358284362,0.0911587357935554,0.011005946124071271,0.00927038271468294,0.008851407230132648,1.0
6.323691807189871,0.17202605289922693,0.0105489485158705,0.011189959421388352,0.004457572349877411,0.0
7.873473744760645,0.13172769798174438,0.004995044857620034,0.03638111554861572,0.0008007614476653173,0.0
8.219394360438445,0.10936896550200743,0.00963971121676558,0.000329307327353636,0.0001921481739763563,1.0
9.455109028646792,0.09510346883059544,0.010884745941364668,0.0021831169231689754,0.025319854468538426,0.0
9.618087745350955,0.10850214852197924,0.008335659514933886,0.022716176586142098,0.007527417994502376,1.0
7.739011528340429,0.11602940161843919,0.011350708074818779,0.002078107557126596,0.0069131963601796785,0.0
8.52226295153376,0.1152412788098931,0.010085229961420444,0.006339025430771578,0.016010338385523973,0.0
8.708737482214644,0.11765545550083659,0.013094767564395074,0.032177145536373596,0.009175347815883497,0.0
13.686136138113838,0.06671063594260256,0.012652449524262924,0.03691989515654975,0.004064383082084418,0.0
12.70261292162072,0.07253045757113637,0.010668613150339365,0.03895666376104885,0.00942390449872081,0.0
9.382375873473027,0.10578329042466314,0.004531148434792007,0.0095819084125653,0.007903013280063445,0.0
9.454625064539801,0.11011698001299165,0.01716289095472468,2.749146634347182e-05,0.0004794253464470499,0.0
8.276194004217558,0.13153771008583479,0.009432436005715427,0.013342387840239821,0.02256845739428228,0.0
7.1378043801621,0.1470708339734051,0.009676454185219473,0.02423200239821261,0.0011506998394273226,0.0
9.824679720387214,0.10238602695648166,0.008629916605202449,0.0014654275541245538,0.0025723236148836918,1.0
8.503222025133962,0.11078756571717988,0.008046353375737853,0.011421376513908009,0.017425777234334087,2.0
9.872724202506985,0.09297279240753857,0.016176232192002097,0.09119587889851082,0.00021294881663735425,0.0
7.599691226434784,0.1263148365989566,0.015544177281544318,0.03685765057214977,0.0055528494270388395,0.0
8.857038312534613,0.11666862988785778,0.011777573614310683,0.0044255588398864195,0.0016767362062410592,1.0
10.222940642954246,0.10048926420679195,0.009569999382277098,0.009580790738535482,0.003019819921877106,1.0
10.549314396675905,0.08013416146896425,0.012476471940055012,0.0044563697312343,0.00198197269453511,0.0
10.626207938113021,0.08837399216509992,0.010295187927077492,0.011686461596984294,0.000317310948831993,1.0
8.019266523764443,0.13731381424612038,0.009239108326707605,0.015158147216768827,0.003131770421516183,1.0
11.282028595203343,0.08920003330011184,0.01135242368602532,0.00205642551627052,0.006892237922296189,1.0
8.799682455097225,0.10146145064591167,0.00823536901221822,0.0011669619007119722,0.0017019388474919337,0.0
10.94928687191096,0.11027162555173395,0.011009057056013731,0.0015730551981537571,0.0017510907056538338,1.0
9.984041985072711,0.09992819954437089,0.010816883702486542,0.0719918824613612,0.0058428332862333334,0.0
7.935418751383079,0.1299520934272435,0.012411744085031698,0.01667924257361759,0.011005726771950239,0.0
9.525703443128219,0.10838866193970806,0.007523452170097564,0.011950313000090801,0.0004066505241712637,2.0
10.54804561309565,0.09205691700665075,0.012840545411506164,0.010141402433178005,0.0008871834100952816,2.0
10.919448070711898,0.08640140682481849,0.006374754028197979,0.01812098015745361,0.00016765152414910874,1.0
9.788518153833373,0.12105914114079772,0.007709733393515045,0.0025423915816650587,0.028654996263954687,1.0
12.29766833590158,0.08811141298305812,0.007884299763417025,0.0020800340541644886,0.011607649732594637,1.0
11.511266156479838,0.09277563333380269,0.005711792910505287,0.024871216973175986,0.03312610151072653,0.0
9.615018825400371,0.10891111353128859,0.014062649133542653,0.0030220131268871115,0.007974910770518734,1.0
11.125182718205417,0.08295336942202668,0.0061237900952408105,0.025278126780782766,0.008176450867254272,0.0
12.900690227782281,0.08585646397671771,0.007204334650373313,0.0006136838496055049,0.013358326851737507,0.0
12.940726901174541,0.07223503692089485,0.015021630841946569,0.002892050853436356,0.008301230345651894,1.0
8.158000178766255,0.12538878119297658,0.007717669192585399,0.01952746870746166,0.0069045392521467465,0.0
8.610200333264274,0.10186582446113804,0.009247429259447614,0.010065917577572643,0.017958967743426084,0.0
12.227378180100777,0.0694640269222232,0.005951883996333857,0.0005232928098735281,0.05344688557195179,0.0
8.412578423743543,0.12193529777939432,0.013331804830490738,0.05212879161325385,0.0024367611967019125,1.0
8.016188300062481,0.11692869481836518,0.013386944976764261,0.013379398697808235,0.02262271325162728,0.0
9.270708803951429,0.09199755811725027,0.012955783616493787,0.011450974569855436,0.022747328573146226,0.0
10.630340064211879,0.09822805395528587,0.012150119312775775,0.008204934732792376,0.0019681247553553984,1.0
9.846404940083355,0.12033208947109815,0.010294356444077907,0.003274584689095963,0.007520558729135352,0.0
9.024154569391612,0.1238430795078531,0.007902493332248062,0.012074184179866882,0.001148515703112254,1.0
8.988681307413236,0.10898428470515756,0.0067401227733359164,0.026969969230227743,0.0021269960279190567,1.0
8.931494403380936,0.11204260225279367,0.015159622107046682,0.005930226572926028,0.018324215077036087,1.0
8.680735557011586,0.12367603340021312,0.01305921708690636,0.07098841668215494,0.020231419353648136,0.0
13.422449315914093,0.08149950065663168,0.007226783091198303,0.028438490758896054,0.02355857078218561,0.0
10.446266606778332,0.09313292459561294,0.010159327072892538,0.009588769231972277,0.010387181754934076,0.0
11.330138581607107,0.08850182647076503,0.008799539628059946,0.017637652045811057,0.0043708123347211405,1.0
9.266383797821614,0.1105437375278684,0.005487157177176999,0.03779697290301943,0.018811124816003083,0.0
9.721064984220927,0.10753003521110578,0.01071060550648521,0.005757938145514331,0.009795941187366942,0.0
8.929669027944467,0.11080033883208598,0.008338029343043217,0.0032700725521014025,0.006765004549666471,2.0
6.022437497621198,0.1644581913653616,0.006189853334817258,0.0038636638317489616,0.0059400220017879115,0.0
7.932986084728201,0.1407678873824651,0.004083469783432952,0.021040218207584695,0.0018730589347358,2.0
7.284071980029408,0.1512337860392257,0.003744785999177315,0.021177870052112267,0.0022596663449469447,0.0
6.625324333072589,0.15681218231715774,0.008514295489221443,0.025720887551278257,0.0006013281547687937,1.0
8.206961538552846,0.13981236062333877,0.009659620118300337,0.030155492394414413,0.013896793922992796,3.0
11.987433519072447,0.08088114437532203,0.006498796759350736,0.007828688589864047,0.008350306471539767,1.0
9.933345748443468,0.11462842385519074,0.012602957710628911,0.010789285249377566,0.0020632421178920675,1.0
11.93584564348176,0.08749751588729847,0.00973781383286815,0.0067464520456391765,0.015074125886368328,0.0
10.616473865351313,0.12236769871013278,0.012307541242394601,0.018157689742647004,0.012042795859562456,0.0
11.173838238572738,0.08135168533184388,0.009268356839249169,0.020625510165993642,0.008645417535944678,0.0
8.648654507043137,0.10942111714482772,0.006851529459171576,0.056405077275475626,0.0028856611059539126,0.0
10.785926431289006,0.09587228384396411,0.010456470284554455,0.035947253821410875,0.009865028380582964,0.0
11.093071351111519,0.09305710085241112,0.00494930195192671,0.006124237824872179,0.005926815332301033,0.0
9.13502906164946,0.12795133886730226,0.012157754082546591,0.004250873494650029,0.002474026558517492,0.0
10.83931055592425,0.08745338531770368,0.006251403173947465,0.005690336744308075,0.0051110700467401505,0.0
10.84928163786225,0.09909211689260768,0.013672930106133796,0.0009599458368412154,0.004779424959785918,1.0
9.175671068304876,0.11960525601098763,0.008646177015032341,0.0164868026252703,0.03599033634647802,1.0
8.315847351593508,0.12722588030422421,0.014250134065239669,0.00828842393406961,0.006652909592690095,0.0
8.223807502152592,0.11260006241680497,0.0055095072456467385,0.04431298771709984,0.019144054753178086,0.0
10.129758312882192,0.11048707258988313,0.007288921197084719,0.010343925183102497,0.001008978885017243,0.0
10.490514803183972,0.10517543618197084,0.011523739787394283,0.001938717119952865,0.0022831032474749163,0.0
8.811211254313129,0.11906828163028788,0.01468198837370702,0.004622595454683566,0.00472704637308238,0.0
10.039878011989147,0.10124447432903634,0.016666435633259688,0.017309106190499746,0.0013588677774538538,1.0
10.855805554207729,0.09379803517018209,0.010165464654723491,0.02262454427469961,0.011063270042239266,1.0
10.927286071997951,0.09093940858936912,0.017350982523147023,0.008541399194845091,0.03931972130809978,1.0
12.327820180183732,0.08538407244766652,0.008841341800698278,0.02339810897346825,0.0002580917806123061,2.0
11.915471248297065,0.08413380150356876,0.014395070489451892,0.014726795137235536,0.044624247885708235,0.0
8.498062850865184,0.10995102543457028,0.006231276012162779,0.008787820134893156,0.0070624367773095865,0.0
12.525379314307035,0.07341373300702643,0.011680802027453018,0.006203976009997124,0.005765682363229406,0.0
9.203535243166428,0.10230972202345745,0.000633227836574218,0.072303195332766,0.0006996811212695399,0.0
11.567309218681642,0.08800053637208344,0.005513635953387505,0.012504195057559406,0.0034097969016857943,1.0
10.101979939076633,0.09877725580602188,0.01186670719232306,0.011970650596523925,0.003058834680788607,0.0
9.381775932314548,0.10844180889344296,0.004750244591197906,0.0009498338107793977,1.3215243189966564e-05,0.0
7.288454710337601,0.14281195715886086,0.011707798443156739,0.0043518798915931495,0.0008058435823951371,0.0
9.742653234675478,0.0976174353480612,0.013625832483249454,0.0056896591973220065,0.004467357617125732,1.0
7.660925147041587,0.14677126281316977,0.007994719229126888,4.948692907672836e-05,0.009475544148802247,0.0
11.450948853764158,0.08547857988778519,0.006124188177303208,0.009648650663849944,0.008909314093795879,0.0
12.275188985708873,0.0786888171491693,0.008103253536581045,0.021270078932679216,0.0033937901867302027,1.0
8.804633516054965,0.11804525396706164,0.006136750723263258,0.012970637724395767,0.003185969404262384,1.0
10.452956113778907,0.08259504102299423,0.00959514576793633,0.038340996666452166,0.007073534729421798,1.0
8.911912716988038,0.1053326706648059,0.010408362499552327,0.003031637892329249,0.0058649489366707115,2.0
9.057272904794816,0.1194231456717428,0.008775959507612766,0.0015102462719260572,0.013297147929174321,0.0
11.161742055798058,0.07796573861735531,0.016697436960747287,0.0036958231729894834,0.0035528768716595613,1.0
9.942192607234881,0.10998826014745477,0.007122384721252099,0.026464235548349424,0.02104084397195342,2.0
12.609472062896518,0.08949635710662615,0.01556573271702125,0.04991442123065592,0.009095747430327445,0.0
9.276651281945618,0.1046580347732428,0.005835043054751545,0.016065486110135373,0.0045091350896472515,0.0
11.499004498711734,0.08901811016959074,0.010291110279766195,0.010051191422817036,0.01730998661542039,0.0
10.146120119436674,0.10779064434999623,0.014732421634192278,0.025342827673475718,0.0023428193324776746,0.0
11.19366701461635,0.08606165609218727,0.014525428609013272,0.002097255271020469,0.00242049442579945,1.0
9.32926351400508,0.11489529625478094,0.00831896840919906,0.024117694197502912,0.00864791102894624,1.0
9.925661743672626,0.09548220323835366,0.01222027888028538,0.016744480594251418,0.00790690118595395,0.0
9.826751681051597,0.09794819000977166,0.011684716334656904,0.011781988898919066,0.02715645399700653,0.0
8.74591432773132,0.10725634366899599,0.007840243285629041,0.016569853755489732,0.035114514246446925,0.0
10.99312230187263,0.09349399624513256,0.012463799748592297,0.010345612256710948,0.008373799288962976,0.0
10.975373508367547,0.09995687191923888,0.017449968688209493,0.015425557875207304,0.01268678568705608,1.0
10.89033204235835,0.09048198927444696,0.011886802660250523,0.014530754088847143,0.03371319316413907,0.0
12.305448480876468,0.07340655346992754,0.012265425516282683,0.00602580573315282,0.01039680575002616,1.0
12.174017201854454,0.07532671028203106,0.01268861991280283,0.008317608653007803,0.007575163109112857,0.0
9.437582965226296,0.10935760883936464,0.004156093570579438,0.01956932547955544,0.004555788951079859,0.0
10.559578477651268,0.10975506831781617,0.011840898692825156,0.01974393381305513,0.005240171182457287,0.0
9.064598966112682,0.11384941743108623,0.005932961700645891,0.007551217726690961,0.0012465516302874275,0.0
10.035032974171834,0.09661377088180682,0.007640452237208801,0.0012253179374604047,0.012777944159819234,0.0
9.100375826321702,0.11683168205279297,0.018647767124754012,0.01106878488386103,0.0034801931480802724,0.0
12.430105463704077,0.07892310294948514,0.008986953561364761,0.005563994102931907,0.0017077896042263297,0.0
10.545547225514444,0.09200001634363734,0.007039303582823091,0.008957195929751464,0.002216119096013753,1.0
9.672956307843366,0.09575037727436317,0.014610330315605569,0.0063089666810460234,0.004206021230640904,0.0
11.790427857784564,0.09493032322285569,0.006209291988630492,0.02101170770828216,0.016961262361601552,1.0
6.744076885306883,0.12101978255195354,0.008210323423241291,0.03282297052534566,0.00432717890245062,1.0
6.978846107702065,0.1527343940131369,0.014996208671944667,0.002110640895911443,0.004505726286424032,0.0
11.193757982829661,0.08608191853520017,0.010171070261231837,0.0008188520186980754,0.006644371445820766,1.0
10.090702672176052,0.09590072559963317,0.003753611819493883,0.025793728010729412,0.01846086581279632,1.0
10.375669450391142,0.11035218157428248,0.012175958457290477,0.045166303927124535,0.002902445809496475,0.0
8.010405845022177,0.11790548919482852,0.008414136471813966,0.02225995041595804,0.0023672160951658076,0.0
9.96514943372445,0.09503600285707238,0.016159405946120982,0.005434087480932509,0.008689455143346477,0.0
13.005264115602014,0.07609400869510706,0.007575252209463466,0.006023174082476599,0.01949259377664018,0.0
11.236299429693794,0.09199309425849463,0.014204903894903705,0.027882412568421798,0.0034662604883593986,0.0
10.254559817714219,0.09413071011105398,0.017102792129462856,0.039411887854872096,0.0431892207174866,0.0
9.341419134842594,0.09438558707537517,0.0065962271047537175,0.0014771983459180617,0.002900496207888122,0.0
9.40814072219591,0.09917877956684333,0.00922714791696723,0.012191270139968678,0.019259311218931163,0.0
6.806203166199974,0.1627845521939841,0.011554501096577803,0.01087306089250371,0.0195502139032123,0.0
10.386460631381741,0.09685687045714865,0.006570616989783302,0.0351089417425452,0.005380655826436407,0.0
11.268224662722782,0.09200615470182304,0.011081179786831322,0.013169215855235814,0.012464487166834504,0.0
7.6365710092440775,0.1282386396960712,0.00910031884997603,0.007867148233852064,0.0048184660241748865,0.0
9.007874661539777,0.10530872836022573,0.009019729713626539,0.04792399209780962,0.004248923019551281,0.0
8.263803051649866,0.1383900206596835,0.010195753570832447,0.002167758322720626,0.03183457130200535,1.0
8.551973207786855,0.11518481087893413,0.010285058862314258,0.013555587025523928,0.01615804954580155,0.0
10.08022244023285,0.0957471017560964,0.010655523076304161,0.005756360292122446,0.0006501931259798319,1.0
6.8733967675172885,0.15882266246771762,0.007604694618172863,0.06536053669154548,0.046883400578532186,0.0
10.921405657535596,0.0864219560972503,0.007779313102600986,0.006660828995087015,0.00806189511917244,0.0
11.130782604900524,0.08566656536862799,0.009525649644700679,0.007813216678152072,0.0164209144015526,1.0
9.623346117944632,0.10399917643297231,0.00982096943505682,0.018402513003724433,0.009677138816221266,0.0
6.278937235023188,0.15926606225373793,0.008244602640213533,0.01679674857894491,0.0038962750041582708,0.0
8.505372060996416,0.12004014347217405,0.011295758568344073,0.015388475157061285,0.009889425433963045,0.0
11.849352901154045,0.09976481315397127,0.0027409530052992133,0.03305206100172262,0.0019903844580395963,0.0
5.833008578907141,0.17611236347529602,0.007078134964364193,0.009202643000293498,0.051716649252958456,2.0
9.47871488170972,0.08722249046928135,0.008880288695188582,0.0012283724796957206,0.004595189443557029,3.0
8.229998832299112,0.12472026152584599,0.0065755392518775805,0.007350413536338608,0.008107514692627797,1.0
11.206855452377255,0.08950191247883438,0.016516792059235563,0.046735804928782876,0.002065545984944109,0.0
8.987329071784808,0.11165520281205671,0.010075447386899807,0.01760397602675332,0.03217008194755069,0.0
10.605931031103417,0.0961604055144962,0.010707078712903613,0.00868042232310067,0.015400895381243097,0.0
10.84819062875364,0.09197002531937343,0.008067077168138157,0.01567203226766234,0.006671916597455445,3.0
12.75433875959503,0.07807538255134638,0.009936884318508156,0.012830159610723892,0.033012601555519626,0.0
9.695587084486945,0.10832413404134233,0.005138986142789064,0.0005545788397539854,0.001409764827400497,0.0
10.564066554433918,0.09064316374969293,0.009320731855619706,0.0011919021769411311,0.04563638084792752,0.0
7.772416781308846,0.1192663486595054,0.006251966285616977,0.04139766504328381,0.03346063883253257,0.0
11.785620344940616,0.10806983317847953,0.00889038566097535,0.04112608744954425,0.001254256766679442,1.0
8.859236727892952,0.1065938769583522,0.0,0.027138851969703778,0.007391836023597893,0.0
9.158868753868381,0.11006202157575494,0.005487987166225897,0.00020541558645301438,0.04819357439028838,0.0
9.966628307726184,0.0890199156381361,0.015855705618057332,0.013114684027039405,0.0021241713908917398,0.0
7.655673481990226,0.13184483616800494,0.013321590996430169,0.020861120012843522,0.009051697706325997,1.0
10.343155043393407,0.08972704982995419,0.015276157343660925,0.012139863729153093,0.004172830174282814,0.0
11.451199409387517,0.08428997750460533,0.015550885078683695,0.021579712280680004,0.0027595148781602947,1.0
10.439400735245938,0.10414386622142183,0.01269194969665791,0.015380035555441807,0.0020063956425275344,0.0
7.6166536537319125,0.136343702816814,0.00818852525848346,0.030148490592885897,0.034212671558134435,0.0
9.81428605850551,0.10663256530039114,0.005850996214937509,0.018194992669748916,0.012374546743895303,2.0
11.113043354469236,0.07809604352533986,0.014586978421798787,0.013962000273350837,0.013850854480326745,1.0
7.183016851051138,0.16125507426900793,0.010258271897549562,6.074272254311693e-05,1.7569318925452034e-05,1.0
8.387850979273429,0.10837749179388821,0.01997609126552763,0.02820533627891603,0.003116146186234041,0.0
11.31481540612228,0.09987577654835318,0.008539608095956983,0.013125400102425785,0.0004141991544802787,0.0
10.40514315129593,0.10429032230282788,0.01789158341912192,0.027494409849670828,0.01905368293924497,1.0
10.61795737319013,0.09863194932143016,0.009372832837216979,0.004229048675350022,0.0015945050324186196,0.0
12.789242211434967,0.0730213695004624,0.015344194389034803,0.007045141904799933,0.0011774462110407443,1.0
10.702829167759305,0.09457322024090152,0.016786766948929818,0.02657857755860396,0.0027778094170009334,0.0
10.98683201564977,0.08765284766637449,0.005908200287277151,0.0501128339437557,0.0019500442719191055,1.0
14.06611829082749,0.0712581712763259,0.008060007686836526,0.003007384399463485,0.009826549245677498,0.0
9.679293162864264,0.10126862300613149,0.005868083097205877,0.0035380516761648758,0.002343940772449941,0.0
8.803175854572258,0.09650105003845107,0.005080222046967106,0.021135365471806684,0.011313732290587391,0.0
10.6416945973707,0.10279310442144074,0.0126682674020998,0.0019465774327964637,0.0018767254470588462,0.0
10.658486544083342,0.0932151510158054,0.009213486519003914,0.0011632455895295337,0.0228908361955006,0.0
9.209926912080688,0.10444799922686795,0.010209465292760546,0.0047203001660786024,0.03063888033753014,0.0
8.451404470667729,0.11313665940260602,0.01222495653989312,0.022232362960043776,0.0019500755244323828,0.0
13.464766633135117,0.07642849901291829,0.0025704526651403412,0.06458007839897754,0.0027871097159077934,1.0
10.490265205582034,0.08874854803721256,0.015147064015828219,0.001977167071568602,0.00111142850022629,2.0
8.901571927896887,0.09379516905273469,0.00860362334664033,0.0013945053502148203,0.015364505039455367,0.0
11.373895453419397,0.0908313786825705,0.01212960522495143,0.04600597933546866,0.03845917579447354,0.0
9.836282272657998,0.10597526278931663,0.012482851356914189,0.0021586031842052342,0.0031731998245057664,0.0
9.620677830523253,0.10229594258641882,0.015483186243055364,0.0033263658419472597,0.0008808229190200135,0.0
10.84340930787174,0.08413019930798311,0.009580570448867867,0.024393336152058794,0.001591971559332025,0.0
8.062176597652465,0.12492162652396503,0.0015054501638282775,0.01181980760956813,0.04126672199492815,1.0
10.52894080587576,0.08447578765415319,0.010228510453814243,0.012231488009422377,0.010486777063292426,0.0
12.869432211597628,0.07157328771966652,0.010802827432646404,0.008296914544901241,0.0006921257982000844,2.0
10.699266493295966,0.08801649648549043,0.005862956563439531,0.009210805665564887,0.016367196894690683,0.0
9.435681844324803,0.11338305585882326,0.010589962617731754,0.0004728299355724947,0.011926111268996812,0.0
9.239342079357638,0.1051382050620984,0.008555926261094833,0.008323198029061583,0.004308257054478037,0.0
9.384490039982335,0.10280845896143108,0.004628984202869958,0.00792159011096652,0.009484865664769635,0.0
9.619055982928328,0.12155715345997528,0.012685939580037137,0.0001002759480072917,0.004388677630322181,0.0
9.433290200862592,0.10903918740914803,0.007745099396408816,0.016097418837660263,0.01364748614527276,1.0
11.37446716161185,0.09033307920831014,0.008374483141051724,0.0024083918084700086,0.003798839919436468,1.0
7.400186345186525,0.13119359250333903,0.008149684610851662,0.007198055658011213,0.0021399497501414337,0.0
11.2930000756182,0.08442490779630021,0.014941914389856587,0.007002024830895761,0.0093291892057798,1.0
9.430470212286158,0.08902318175146738,0.009836335352906431,0.013994348946658809,0.011389953161611531,0.0
10.565421678543059,0.10227527559743024,0.010316399282183286,0.01737681999854797,0.0031296871563868908,0.0
8.309518134698704,0.12473836134580152,0.008237455382454411,0.015433326038094447,0.009197636700563998,0.0
11.992946600274154,0.08219572602329109,0.011851467289019622,0.0027951112668534697,0.007642138983322065,0.0
11.86845244025781,0.08333705751943228,0.015397272193802687,0.010128766172971149,0.016204563113504176,1.0
11.43938578862511,0.0927200302477464,0.012591443269946026,0.008472359466505364,0.004657258900610761,2.0
7.7278678363096915,0.11426787564216885,0.012747467845339425,0.008540598947250148,0.006606931413916552,1.0
11.243681606599079,0.08483926247685937,0.012424920823537383,0.003022264384153885,0.020991692061984528,0.0
10.607282631453563,0.08608285339446331,0.004479029426755347,0.009994377695367122,0.08498787172829456,1.0
7.592093129301149,0.1517703758754028,0.006495524673203447,0.021601082062386784,0.011175216907232001,0.0
9.963553924343778,0.10764878033836305,0.009180050425603496,0.011661144776098647,0.01008938748551128,0.0
10.546801733549893,0.07949683479334303,0.007096543830027098,0.010666329308065823,0.0013613850114619775,0.0
10.834112910734726,0.08177361117439386,0.005741851900976008,0.00461959320800189,0.005579603082611405,0.0
10.265892050423284,0.0963840446783613,0.0025112970365177047,0.013980571523010863,0.024868589127775034,2.0
10.43684712527107,0.09226063166378728,0.004613883147463436,0.027332630157535533,0.005876161614077972,0.0
12.210417088379643,0.07366407676713069,0.008973897770629598,0.023388721381470308,0.0022460342322203164,0.0
11.839050864866019,0.0986849838142675,0.009722294532724463,0.00803482153788162,0.037328105626254784,0.0
5.699417569325885,0.17989880229177826,0.006827784895477698,0.02616299633887176,0.005935909554490383,0.0
9.523842167743476,0.1090648029861708,0.010315700850732905,0.00541507981368422,0.028750764344436835,1.0
9.753023458684073,0.09701026016221202,0.008264665436366496,0.017726968133452165,0.012156140173294165,0.0
7.371852140909543,0.14372018191421868,0.014362294349495392,0.03754537100425759,0.006583480736156302,0.0
10.141274587348468,0.095651078268927,0.009353496943900651,0.0017095537992119975,0.0048972455718495535,0.0
11.87313665861576,0.0823360793996317,0.012785323525606861,0.011413011752798805,8.64793215665542e-05,0.0
8.370148210614115,0.12545709706403194,0.01081285504917877,0.02539819599948394,0.02351635678777923,0.0
10.504601408034809,0.08356477530494157,0.00439171584302378,0.006550310556383147,0.01046037202431069,0.0
8.626264784055344,0.1317236166153321,0.009637367297051298,0.03155713413108101,0.0038610458643463185,0.0
8.992131964480485,0.1128428843646381,0.005057503602685266,0.008699549330401143,0.003437117171029866,0.0
12.216090451255052,0.09069269770572147,0.009567516647132315,0.016488505202603327,0.006900340894491848,0.0
9.186163269832262,0.0998853810328703,0.007019476731077243,0.032714501301110956,0.023054238009596148,0.0
10.693318733515937,0.086858724291642,0.011527852133939233,0.0021219160266668403,0.008125420129426115,0.0
7.193172825908519,0.12668084648228575,0.004630582650135195,0.003469865094364015,0.003774038423502474,1.0
12.79347634209232,0.07974577104140766,0.010058807301117748,0.008592600366625854,0.011548934930780153,1.0
10.903978669459748,0.09219502819310374,0.012289662330252776,0.021319999864542857,0.03315561165342893,0.0
9.726250236024608,0.09906477144558475,0.01363038227723598,0.01970937649835734,0.003352737102669989,0.0
10.863319764999842,0.08487994008049453,0.006943328968463109,0.00434829936264838,0.017508346644043923,1.0
7.885270856578284,0.11459807501487732,0.0100710038888287,0.015154012981843254,0.00015264159278349549,2.0
11.773796112628986,0.08460557588400368,0.010736587891646294,0.023100783841244345,0.007893874317432393,0.0
9.514022836755355,0.10126507039076825,0.016188505118171072,0.007328605924492887,0.00752994759564696,0.0
9.693895727427348,0.09765201955067382,0.004074679756999452,0.02058707331418792,0.006018863386417982,1.0
9.262516577551773,0.12218626680727636,0.006355589819715804,0.00726884918305862,0.0024490187622324597,1.0
9.129022895881622,0.10882167758758353,0.021217849970944322,0.003808756029553247,0.0019770352427953388,1.0
11.042005917442612,0.10024848901779822,0.008907610864176102,0.018227301509306498,0.015475274851428444,0.0
10.383860275156334,0.09228138116261259,0.002436024760386902,0.010685820768882642,0.012432801974075416,0.0
10.97762221210456,0.09289580840115266,0.007669799426607336,0.072824718148485,0.0028658461339446852,1.0
9.986807965771643,0.09968868489726432,0.0,0.015090459451054307,0.0007366069399596905,1.0
10.769799716615772,0.08106080885635349,0.010963682849824612,0.03284989426367836,0.004060413818165301,0.0
9.371726884112443,0.11962058773428903,0.013239139041112874,0.005519708600066456,0.020662332649323215,0.0
13.344597762114322,0.07413081846023298,0.006353350495324987,0.0011787520512845603,0.003871787963988786,1.0
7.648104375354253,0.13879678895729877,0.008117104310993974,0.017181941887233012,0.006980523897612299,1.0
11.891405985344477,0.0791842193293502,0.01369461662147565,0.033311860956936994,0.0008974863434768012,2.0
12.051861176081456,0.08188768604380972,0.002999138140615719,0.0030820042721462,0.010880607246922634,0.0
8.721761791051609,0.10697400194006597,0.004713715151201818,0.07417023401666666,0.025543358295111805,0.0
13.34391041583396,0.08272939874114144,0.009087539273137442,0.005850702242284613,0.019565146210507055,0.0
11.493235424417977,0.08920252875400081,0.006990660650132726,0.024481153556739056,0.005211669478216175,1.0
11.456708510234368,0.08988617130785252,0.008824532410105649,0.00487356465261941,0.013681232672727736,0.0
10.042033280538815,0.11101112250154478,0.004944998722373913,0.021019129723563137,0.0050553155676880965,0.0
9.674160762671985,0.11338669886524189,0.010857253943686031,0.030308516786866933,0.005681810006108404,1.0
9.685886759440589,0.10976182918112687,0.009403067659280045,0.010454223242815695,0.005626981856647665,1.0
10.585795894479276,0.08431029649666154,0.012196761976932131,0.020457349929192778,0.028216905287003415,0.0
12.101779412550844,0.07815925287269197,0.01080159800192117,0.0034833470179164486,0.0004584465913339685,1.0
10.27197132679213,0.08983954739819663,0.010826760289984094,0.004178429578580251,0.0048597583710273656,0.0
8.632834565294065,0.12277888669299167,0.004214770581879545,0.001829590679226249,0.015219594242528715,1.0
11.23664059357747,0.09021786922045334,0.01197036620657949,0.010562505341948622,0.01081508325505107,0.0
11.381726119592189,0.0786104928222045,0.008676534392782232,0.010160062881823518,0.012326747855657192,1.0
10.98198929267168,0.08969357582718106,0.00933360676940153,0.008041987989089634,0.003565891689741604,2.0
11.118248359787474,0.07980918014991702,0.014193057505563239,0.03894497964481743,0.003519686808370681,0.0
9.593607804763288,0.10379374791782883,0.00712225777393242,0.024603374094134076,0.017248444391598634,0.0
8.60651624930413,0.10177920996104374,0.015404737313836004,0.0001050537339808405,0.0031335046338112917,0.0
8.69770985403883,0.11994121198452067,0.015777901197492374,0.0022831616411150956,0.011371111421226007,0.0
7.546805127313213,0.13657418916014194,0.013011137749457488,0.002719264355717522,0.008012380848443646,4.0
10.355422917318924,0.11249185540120561,0.0060775167569303125,0.023525603452063632,0.0007607666169358771,0.0
9.87482682516011,0.10837488437482293,0.0012548270174922733,0.019549375513876737,0.015251709562483966,0.0
9.340018443205437,0.10350437803131415,0.014315339657039764,0.03456571039461894,0.005698031700950215,0.0
5.566571763482395,0.19179392806518794,0.01044554024532432,0.005599493507622548,0.02611437555567236,3.0
8.129023795458746,0.11000230570371743,0.00701921011671415,0.029436367606847466,0.0065860163228062445,0.0
11.68126097710475,0.07926300805207265,0.014694249375022412,0.008631072754335374,0.012733724717257247,0.0
9.003060999905303,0.11407339430557961,0.006553764476488763,0.021140377131956784,0.0016115013614471374,0.0
10.540887516485261,0.07982474641179438,0.00830337896707623,0.019444519574492995,0.002479770213064248,0.0
7.913971855037116,0.12598371210425288,0.012099561457267977,0.000943523005953487,0.009039453866355577,1.0
12.158058223538847,0.0758033159239439,0.0055455886735404905,0.0044408986134527335,0.005209619461643454,1.0
9.783958509917985,0.10303983753363707,0.00956207636157173,0.0015313527530988937,0.017432966073554844,0.0
10.435060594725304,0.08791452388494854,0.014356548735653446,0.0016385799727208022,0.008633119089783868,0.0
13.488669687822528,0.07669565667401092,0.01084444297448452,8.315925227644337e-05,0.0030069528446999335,2.0
12.274660150884106,0.08159471444065634,0.014989705347294723,0.0007370587919640261,0.005807150478665294,1.0
9.540151568069414,0.11724610408570922,0.014534409432023991,0.028951021175788124,0.003481282273833207,0.0
9.110169722694462,0.10982659361376994,0.010030953337686478,0.02296195582697829,0.0011749193824717077,0.0
9.511682482720703,0.09886379319073393,0.0006530344945704473,0.01117818848978585,0.007182246110278519,0.0
10.764847372714804,0.09107819815560557,0.005576910819138773,0.010104334328564996,0.008055395906442445,0.0
9.842163798623693,0.0912443234806729,0.013053336449537958,0.0426366840150069,0.0009136054338284632,0.0
9.407133782494792,0.10981289301226317,0.0037989943188588516,0.005851297283362409,0.016165091257868434,0.0
12.200771876063563,0.08592235850708518,0.0086932296456522,0.03779023756126521,0.012249617779184938,0.0
9.828685162333244,0.12396332978782706,0.01135392245475613,0.006135199862623471,0.017825527643020877,1.0
13.449383639555979,0.07074452304896149,0.01587828278304604,0.004677609899782385,0.0016331400225310028,0.0
10.136113845628259,0.09656603147398027,0.007699921214182344,0.017411706898965235,0.03149256121258733,0.0
12.677977591337092,0.07532621060855724,0.007426049163667483,0.01623691746143789,0.006421800993286212,0.0
10.53597913406594,0.09653719660048746,0.009790216934017998,0.03445465530140716,0.005440539930927251,0.0
11.444440859874172,0.09008795078199248,0.01140365187924041,0.01972963283587143,0.022907693337443438,1.0
8.913083422723414,0.11171657087178159,0.009383012690415624,0.008620835087327408,0.00393980127065524,0.0
8.719361166118883,0.12510024524479293,0.014197073395543242,0.004343591296603245,0.008938693170433155,0.0
10.68955893252248,0.08904389534914946,0.0068034246678861125,0.005710216829475883,0.003775574398491261,1.0
11.482829863697972,0.09423544064615284,0.010480643733516174,0.012577081504995364,0.0009014289596118849,0.0
10.060384753000694,0.10377547773646871,0.011780850840988077,0.001762539578382271,0.02402519068570491,0.0
8.070409997374455,0.12379024977483029,0.008399068760376573,0.005758903528913873,0.0067373244650273875,1.0
7.959612450566009,0.12250845354879017,0.013358839746239868,0.0028344147736385204,0.02149633181598787,0.0
7.859295396720638,0.15449963616886295,0.010595834164969398,0.00502035573712207,0.03039622718745006,0.0
7.348566830590928,0.12747105022344563,0.013155382852609096,0.008150347913002273,0.008121759173952036,1.0
10.16422803917063,0.10075737830745035,0.010776416432195329,0.0016353739650376297,0.0020814812196065357,0.0
11.687565882562037,0.0805769172285243,0.011505618285948913,0.004878269026917626,0.0022679297101295863,1.0
9.979876319612787,0.1155882423684051,0.007470432972602579,0.06481784518444954,0.004257166849672507,0.0
6.609377863993221,0.16242426900957535,0.007476913179235107,0.0013514712851971443,0.013559927134263834,0.0
9.713859309498178,0.09750792220893845,0.014897585919715108,0.0759436509745798,0.006914843907249496,1.0
9.755801505051089,0.10679389310705488,0.012542041778081329,0.03241437076170432,0.0024861165613307614,0.0
13.14399812533816,0.07766507713181728,0.005908139335110393,0.015965718644676823,0.0041516290613263784,0.0
7.8142931306206656,0.12278941176432535,0.010723453698619326,0.040977728098567666,0.011678384899361433,0.0
9.413983596101206,0.11286723493510889,0.0005048957858582968,0.02847377298118339,0.01269604267606923,0.0
12.558779020816846,0.08214448966065041,0.007704239345202334,0.026437122684899998,0.003298392481846549,0.0
10.674967512019823,0.09530760997959548,0.013844110706479625,0.024386896712179734,0.02204967072642469,0.0
10.844969610274637,0.09189993848527372,0.009499417645155363,0.06339313834052902,0.004265277612870033,0.0
10.171876655535817,0.10175957435847059,0.010471650678664126,0.00318015640603069,0.004604745941779556,0.0
10.494915307985897,0.09704894204385245,0.0,0.008112406481633428,0.015265754060295667,0.0
11.166414295417804,0.08997862985923212,0.008430985527455394,0.021373779439578276,0.013073034417174447,0.0
8.78577052166085,0.10813068902489048,0.01135308889530885,0.00478631053467407,0.004922596023977345,1.0
11.3170878683623,0.10118421779089976,0.011861159501593358,0.019022089221417716,0.0312982349695454,1.0
7.940495474671691,0.11578627187981085,0.013849422845337456,0.01312718290363902,0.01598666928798751,1.0
10.492551959247308,0.09862260630919065,0.009158968992906287,0.003755262944907013,0.00038849766886568714,2.0
10.26811144492949,0.0949255502736681,0.009337376749503403,0.010799326530813013,1.3643362684398808e-05,1.0
9.075560367711837,0.1268409492887229,0.004671530282360551,0.013146624204946156,0.007062603477335685,1.0
9.96597208701153,0.09334480120161862,0.009181913843307209,0.04232767522500733,0.002547047536660401,0.0
9.066189771001671,0.10399908838534368,0.004953699750408806,0.015526511797675386,0.011826612785582377,1.0
8.392448009707383,0.11025959928925548,0.002608519520778333,0.0003562915443325576,0.02681734711238296,0.0
9.469577887579533,0.10836965891289466,0.005659282519557687,0.009388101237021136,0.00985141662499961,0.0
8.344017046942508,0.10737919685513113,0.016034739631215884,0.038352846561717016,0.014930986319752218,0.0
10.484196196139873,0.09179923830422648,0.008917755193946894,0.013079049493083512,0.0006838148007052504,1.0
8.274871758771454,0.10173206968072397,0.010879509452093464,0.03275314615952644,0.006910188436388161,1.0
11.067965534486577,0.09210544291253263,0.007946014995207775,0.006856654744280972,0.017557609857397582,1.0
8.227781398106771,0.11677180980931473,0.0028377959221924107,0.021823703825684597,0.0014949644572128926,0.0
9.15055762662849,0.09701794091003155,0.01374445249971883,0.021558449971856464,0.001139828873962474,0.0
9.06309488767723,0.12034870097154439,0.0013112074405776455,0.005738826518473178,0.0013489725422797063,1.0
11.987720093312259,0.07513294368522597,0.0077808292928333665,0.0030960510491435033,0.00013287799365327012,1.0
10.495434918424888,0.10155193893379078,0.009781540476599756,0.031070450671197555,0.011467152713028153,0.0
9.682399296183409,0.0976473267690658,0.010921958573719422,0.036520752282583356,0.06707297261108772,0.0
10.748079161604585,0.10575804950151496,0.007094121581884521,0.03696340830589163,0.01823906516848001,1.0
6.839211479005468,0.15525157690409944,0.0026481540677801025,0.0029556030492752746,0.020189259071015347,0.0
9.93529961553864,0.09285298316859256,0.006795626830658247,0.03633796884005715,0.01665479579217004,0.0
12.996271266707144,0.07150205454083863,0.007004968049521351,0.018710463061910633,0.0058854754120326504,0.0
10.19851975960401,0.1029202799257909,0.0069076260193796785,0.004045864863188995,0.0004140263466466902,0.0
10.101869753754004,0.09693537289863467,0.013880234360830414,0.0018296258211283683,0.0007594201623258117,0.0
10.822192569463294,0.09115934189303129,0.005145588887443431,0.003749685342742787,0.009327709810175602,0.0
11.343407864971518,0.09760196413760783,0.011203917097752637,0.0037007887913340044,0.0035552401281477297,0.0
7.00379996066521,0.13447890086231534,0.010633188148871663,0.05126358721954762,0.005904186126853192,1.0
7.4765102773134595,0.13473267607856823,0.01384182030988668,0.016246364186946895,0.007335212607074846,1.0
10.31543693662922,0.10463561670083665,0.009467472513052275,0.004954224869796858,0.003328386366053573,0.0
8.927685157153736,0.11950133438268966,0.013164523868790235,0.0047339861108233565,0.002364937853585711,0.0
11.968037893329871,0.082495741855233,0.009311119447623608,0.005952687428860012,0.0026752366557312264,0.0
9.527238415172164,0.10256409404311771,0.0117375701063392,0.014031988699448899,0.01855199197988508,0.0
7.098203896430324,0.12258544073747966,0.003988235651011037,0.004864296102465483,0.009190094052455767,0.0
8.097979124734005,0.11348164885952226,0.0,0.010643944538938155,0.011703307479742997,0.0
5.875485970554137,0.1745891050731575,0.011510187414263413,0.005150948800708396,0.004031095309568443,1.0
9.648811694075631,0.10250278168583116,0.01172473250415692,0.046469142721393845,0.00473711367301504,0.0
9.717423809103424,0.10352663288252688,0.01190200933260753,0.024710644860938286,0.010817893116748556,1.0
9.363305935327153,0.11605882114301684,0.007900269940981284,0.0242399678687284,0.0005790589350318291,0.0
11.618318558544608,0.07827172226027278,0.01595888900884149,0.0020539274819180308,0.009885154151948246,0.0
11.797779754775041,0.0831752225355087,0.008160488737051913,0.012983440711095846,0.0840365243529818,1.0
9.744417364965834,0.10418390064158496,0.011683516078689478,0.022203836183013578,0.01753523354158993,1.0
6.797959498784716,0.13904532936855854,0.012378544900016315,0.042419552369070496,0.0007438251252226394,0.0
10.925922370738387,0.10263051268875953,0.01687496063899644,0.0023717100610872346,0.010448852409469989,1.0
10.833040342762864,0.09926980716733222,0.008731881520840666,0.005554048003205424,0.005314420388233034,2.0
10.464087355235417,0.09780902004635442,0.007387228375083389,0.026248365265479814,0.002288880273471433,0.0
11.472219623962173,0.10062144373057524,0.004007418462338708,0.0665750391220866,0.0035440239018604833,0.0
8.25275785530844,0.10747908028558673,0.016209468026649892,0.00538422846606427,0.014326231752254871,0.0
13.013133079277708,0.07679796113735028,0.01168564362819416,0.02817921613713037,0.002628219862276508,0.0
8.560858370287198,0.12028474109172281,0.01181224442357721,0.0028190879454038868,0.007699184688978593,0.0
11.123834390801282,0.08355464312738875,0.02246681696529568,0.013756334298400568,0.0015569456420007895,1.0
7.468978458379972,0.13714711819474118,0.011300178964745198,0.0009869355059601414,0.022482412078238152,1.0
8.604602969094923,0.10637083055886827,0.004790714379599871,0.039535799212725035,0.009868111791216043,0.0
12.274552970088004,0.08609674530143031,0.009216385700028095,0.0006387865928017279,0.003663597061132932,0.0
9.608650265498724,0.11326365129729919,0.006100870364605387,0.01657352957961015,0.009317274804759197,0.0
11.259883907699198,0.09076698685149981,0.00841652642166891,0.022907800122169815,0.004885627095258584,0.0
10.35543308307887,0.08326432084535494,0.008389641588981572,0.02193131961533538,0.028320572664022353,0.0
9.842562765999741,0.09403769160618712,0.007651902435731802,0.02714831375996267,0.010694203034226026,0.0
12.045775487399034,0.08685308931310998,0.004426869978578412,0.011179186938037561,0.0004887165925496683,0.0
9.645011763022149,0.10385651722671749,0.016370006534689185,0.0517613222997421,0.004708280256761516,0.0
7.328892838654794,0.1099923271613189,0.011195392177753576,0.008531130799098645,0.003594440956686077,0.0
8.795139862072443,0.1255849508994326,0.009098111861199047,0.03781119265944342,0.001805497298349075,0.0
10.826787593052542,0.09337880605726731,0.013030551318062973,0.04459995110220281,0.017305485488596554,1.0
10.593263659543762,0.08841229207321001,0.011884269099397564,0.005554690156281261,0.004648901600953667,0.0
7.649412624646843,0.14155988781537213,0.01110276293096819,0.010665507788510869,0.009078565256850175,1.0
8.913486220887698,0.10627038438209105,0.012739992291067308,0.00579112906962415,0.0038929695603741312,0.0
9.12741797619663,0.10368902355008738,0.010535738975034627,0.011848046924942332,0.010030441734527766,0.0
9.451795608828663,0.1088769947082831,0.012680885827966365,0.011592694248318427,0.0036091220520848826,0.0
7.936129617097673,0.14530175559734518,0.013012449203511101,0.0016474439105572632,0.002285142466627638,0.0
9.057443337820782,0.12571976783974878,0.010650874940131212,0.01049327063524125,0.01112962130652846,0.0
8.907084272110708,0.11554791046285541,0.009118422026015538,0.07468876531103583,0.0034755762579219544,1.0
11.157299889642879,0.0930048971582983,0.016121591205815636,0.0034552123922622665,0.031044076229664173,0.0
11.213681966485366,0.0950060483721012,0.008088393840906266,0.02242555176533064,0.0006004525979095612,1.0
9.781284312866775,0.09245534666387577,0.011565254401709383,0.015774506406225897,0.03680688840940938,3.0
9.411940306193904,0.11186670374965514,0.011655633642956267,0.009201306443529058,5.568228887948288e-05,0.0
10.20988646805867,0.09235805165037142,0.0075617685909454575,0.003973785600368314,0.0025530079966787685,1.0
8.775137338816638,0.1168990923301064,0.006768710458754027,0.008431184293134372,0.007999822602918132,0.0
8.279751876748838,0.11859862197539148,0.008584591916520596,0.0053499190735613695,0.002270043568605121,0.0
8.589668186611425,0.1211817927807949,0.008031132587297568,0.000880122137385863,2.736299239824388e-07,0.0
9.047780254042815,0.11157356000414313,0.004167477753444539,0.036910728081706125,0.004507344254732068,2.0
8.254789300311593,0.09473839006480138,0.007394019669922898,0.04810461467059243,0.02662284015506908,0.0
10.243089338594313,0.09903401218785653,0.01106489193853825,0.03812762172858346,0.0045162387398848805,0.0
11.094573510675563,0.09488554723101127,0.015063774336594395,0.018859142615890702,0.014874066234353485,0.0
7.619352548802637,0.1360113241541963,0.012217565340694533,0.006477729142542459,0.020185288407737836,0.0
10.03769306682405,0.09881022483626967,0.0,0.019821101874875013,0.010897228371392648,1.0
9.670096307100497,0.11792984874895754,0.012565214859029311,0.02895014401958891,0.021330306260629327,1.0
10.512263028305204,0.09752635470688988,0.00776739285641713,0.05987646063657613,0.003530228676050195,0.0
9.980591847844618,0.1037647949675897,0.011812320298751053,0.02164064053570622,0.0024414834346856793,1.0
7.8196010801025535,0.1390287977910041,0.009943458963157488,0.012827217556038379,0.01788241898851707,0.0
8.106416051714252,0.12698981236966317,0.00922924949565269,0.015400366946323204,0.018797221158055762,0.0
10.044135363377459,0.09265889369042168,0.009591057088151436,0.021961795372415084,0.027117933377947108,0.0
11.543171379618265,0.07127846486874027,0.00991030276692088,0.03585178906973763,0.029698936714254724,0.0
6.678718943435496,0.14412189183504573,0.015377619888360975,0.009375062134557214,0.00746310374881394,1.0
10.51858986970237,0.10103699789252157,0.00992135925165965,0.01563954568944302,0.0011737411365022742,0.0
11.784433007931465,0.08249421325952662,0.014342144532724803,0.0016449194203614513,0.009043788942523237,0.0
9.77046118569068,0.10912411231506797,0.01375962346338263,0.011147395298240466,0.0025009854534158173,1.0
10.825303744039662,0.09348184067621157,0.012668182190334613,0.006078078907374931,0.003993668885370483,1.0
8.945396378653296,0.12392314012823627,0.00285352471948129,0.008773493124874637,0.005585492997146492,1.0
9.820950701084685,0.09944651997665029,0.014466530624646427,0.018375184674496697,0.02692746809519645,1.0
7.568629722537773,0.13716058987764398,0.008168394823457648,0.054981740969749254,0.017919548985364648,0.0
6.48348503737169,0.1606082072598407,0.01286290912429909,0.003985693109851905,0.0032053811192225188,0.0
11.414148701837913,0.09879329407756438,0.006109868667038346,0.0018289693137673486,0.011889201882285955,0.0
8.522507608413337,0.10236180824733716,0.005259703826786977,0.00836778151567816,0.016673475424519343,0.0
9.316708232494854,0.10346912351239629,0.0179055549473248,0.0011644175148800575,0.012961322316832427,0.0
7.9203366200947105,0.1351253491625737,0.006172067732647543,0.005633764845844364,0.007589831893930268,1.0
7.885045445374186,0.14351779198089368,0.01458442655620699,0.001456094963639251,0.01802586327961009,2.0
9.739243449858076,0.10466843164082969,0.010473681285746085,0.004584060573198842,0.00010340421156572066,0.0
8.905634208796531,0.10968962779998517,0.008319519766559313,0.020270858688748346,0.025664644728444874,0.0
10.566956496992049,0.10054374715895839,0.009820684462679174,0.014615932023410055,0.01379248682830933,0.0
10.678807628469388,0.1003827430965479,0.004795622013874756,0.016303423754240907,0.02404040815773807,0.0
10.48127446948691,0.09270218690538093,0.009944982481563077,0.0072082572289060886,0.00895145094888802,0.0
10.357901186392665,0.0991298132184379,0.005669038744416162,0.0024119472421657868,0.012342690822106595,1.0
12.366652307397828,0.08887171631018,0.008418224822744057,0.010233451060785033,2.0586883782866415e-05,0.0
8.398609346432671,0.1385076917652507,0.013701198255878304,0.0039083917976166505,0.025483170248502794,0.0
9.917597700695623,0.10700258050283162,0.011016762706230629,0.015179091699727337,0.013376181713984022,0.0
11.699034730779383,0.0857795003217332,0.004071318004477914,0.0007919934293428182,0.003030484966822076,0.0
11.896809714007055,0.08369330548046416,0.013405952507655479,0.030427728782757367,0.0006865065264144583,1.0
7.86735452598314,0.1329037449825884,0.00997160095236343,0.013619912280531382,0.0004997517662315625,0.0
9.531466837516195,0.10394925297278901,0.007831258926362645,0.0053018013273149886,0.0020300843315161866,1.0
12.03718164380089,0.0843458990173475,0.012986705215635724,0.008382147985203045,0.015483186310014701,0.0
10.762118657798599,0.08537836583017248,0.00933117265209199,0.014759703669305822,0.006144331688130931,1.0
10.292894547219658,0.10777719072944669,0.005337354640377149,0.02096814534453923,0.010485205736386173,0.0
9.673472959848015,0.09436338318930347,0.017391238845798417,0.002527631679462458,0.028104637588943247,0.0
9.424298611438381,0.10250330330914785,0.00993085022843605,0.0012742239071242088,0.002153522514496292,1.0
10.432328594635486,0.09660719650675484,0.009674459182071132,0.03651217513787079,0.011486204228020092,0.0
9.621438812523275,0.12188042134603494,0.00837957931307764,0.022952421423325212,0.0028854795347105114,1.0
9.936132068433334,0.09729648111062963,0.014719862957830357,0.015346046229024208,0.0017542339368246667,0.0
10.117898059172557,0.09370654835936439,0.00790048596743184,0.005660971145949213,0.01242975498835229,0.0
8.98289270725975,0.10652375025711178,0.0038200805647535816,0.006835487601035412,0.012210982247046228,0.0
10.798194060822157,0.10575109249908754,0.007285289352416086,0.008834009949000838,0.0005561918372117788,1.0
14.371366972623129,0.05556367703877573,0.01530709840181917,0.024977906839969595,0.0009578107479818606,1.0
7.3345200410108875,0.1258315694916576,0.01332852864582847,0.012140561467767978,0.006876962342554988,1.0
10.48601878628497,0.11865445742318419,0.008979937389360556,0.05222103515067928,0.022881576988413022,0.0
8.859714867071641,0.11833401517209641,0.015493020566561898,0.0045639185954116125,0.002631959390617798,1.0
10.866103866278875,0.08423649638743647,0.01299176891528753,0.015048317910334955,0.0006286532933096379,0.0
10.069836209991792,0.0989740207424904,0.008933642545461574,0.02432133942755976,0.008906100925861945,0.0
11.142782161063696,0.09022979515871758,0.00933636057959568,0.008641782546905266,0.016863135935576992,1.0
11.76325986476317,0.0909640337806656,0.011317270927781738,0.0054816369040099405,0.00402506919017605,0.0
10.288631676652273,0.1126038463159892,0.006672452201344737,0.01854655830167631,0.0030323144824158485,0.0
11.698078432621267,0.0881830547639571,0.010018020262037405,0.02222125266958388,0.0036868770613244254,2.0
6.483553159316984,0.14771777500106936,0.011234053458453162,0.011879648568868886,0.0008931710143738116,1.0
12.385678446874035,0.08598571632247815,0.0032521350455658408,0.011481058989976131,0.005552765777614497,0.0
10.56259322783851,0.08953022200230704,0.009242718709728408,0.003987199845648661,0.013825571808479207,0.0
11.616765033617773,0.07925250040070095,0.008787775258537247,0.017964516755694576,0.021039097574246886,0.0
8.170186382737718,0.10632185350806261,0.01411227207984129,0.0034450769877284403,0.00071331100617572,0.0
8.753845177591996,0.10079129116319599,0.002622012024755864,0.00310509589688963,0.0030236657600457993,0.0
10.218907441217162,0.09108562438425673,0.008473975921185158,0.00186758131667912,0.0016527469758107224,0.0
9.974443165993806,0.09124114615405407,0.008072981410541653,0.005330761514007728,0.024633797610909672,1.0
10.424602882014984,0.09836111243006342,0.013840283855686402,0.013144984210632073,0.011591126454395626,2.0
11.62677274139495,0.07813926623434198,0.00982581372254043,0.015362736597236403,0.01241196495885666,1.0
7.352169527045726,0.10576995833328462,0.017184378582609478,0.011285214836166959,0.0004186152252317048,0.0
11.460728607575964,0.0802635864651719,0.012648853527625546,0.016385833464710342,0.02386877797181777,1.0
10.012422864936891,0.09617600503762977,0.008359108023241925,0.007275665993329902,0.00034023189323762306,0.0
9.694327208313178,0.09827586070570744,0.010958634786235835,0.005872712670610673,0.008207437130491237,1.0
7.793327148422664,0.1449008013340362,0.008583724762522168,0.009689558665528397,0.003859555113975468,0.0
10.754573002565298,0.08852994129665795,0.01343758436196168,0.0004555444719254143,0.0020289195522004448,0.0
6.378838223453444,0.16821504185015215,0.004671209146835951,0.006233455268341151,0.0019408981696719774,2.0
10.972591016858068,0.0909978821768805,0.006705216093714666,0.018560602419002745,0.012900071226003923,1.0
7.761841246790512,0.12840011935446025,0.011822759674219686,0.00016971118079756766,0.012730496788412534,0.0
10.08018686892621,0.09279131572085282,0.014903025794894484,0.0058976799849307536,0.0037906035992750064,1.0
9.82124674400812,0.1013423706566413,0.0011921256154432056,0.006620680397281857,0.0017857986937833636,0.0
11.754307220940825,0.08002410032882698,0.015497884863961663,0.014304916236506073,0.026763820637015663,1.0
9.732017246479165,0.10416081751351272,0.009439459486287976,0.019337737462099092,0.0018466513731308467,0.0
8.9587921582815,0.10953234505143053,0.0024645001522513475,0.0019361284065160436,0.003202230043302717,0.0
9.240095956043195,0.10034685895684396,0.0,0.01928349511522485,0.006266041756980016,0.0
11.909324153131996,0.09090228974405007,0.003882455736766882,0.026493455961672786,0.0177902308180578,0.0
10.80444545377134,0.09576955642511732,0.009921180576618394,0.027289624462312773,0.0003741327931445267,0.0
9.421555027715257,0.10240239571992096,0.009736407848764462,0.0107432223424735,0.008663173297017946,0.0
9.64533037005323,0.1048909064647694,0.01253280173883724,0.020000716764261274,0.0025303604359766486,1.0
7.649234364121829,0.1298583079966694,0.007802051289756146,0.0032214907743813746,0.002522041286357897,0.0
10.582711301277312,0.08815761956540782,0.005567837814215317,0.00906819125651428,0.010229296954324193,1.0
7.360276438456801,0.1366328615191999,0.008347654449356428,0.0014695727621051326,0.048007525904925547,2.0
11.127694698753185,0.08551034132199435,0.01013444114764631,0.02250664016196213,0.003853272972714696,1.0
10.1929323887369,0.0909641975036534,0.010923091179821109,0.007678403074169966,0.023971707976127597,0.0
13.580427699360884,0.06467044368101314,0.006843341202910377,0.0013312754691276502,0.023370190660771648,0.0
8.349796669413541,0.11637636945133306,0.01360578680134144,0.010231048327331599,0.0013788348545689677,1.0
9.846006863439051,0.10627679384035396,0.007514412913103867,0.010971513593677215,0.04003189616530788,1.0
12.697431551384593,0.07449878360101142,0.006521130550700385,0.016913538902461944,0.012418233850671957,1.0
11.787084460437121,0.1037939391751455,0.007830433962126841,0.01650668349082624,0.016139640925197093,0.0
8.95568192263015,0.11985970678685484,0.014299360702810428,0.005402454952926709,0.00165200516101017,0.0
10.335951142560171,0.10739068747166368,0.009468814188237362,0.03674994659810797,0.0022428428275481824,0.0
10.002999034622631,0.10653672575275767,0.0072219459877209125,0.007185168946639543,0.002090143203156696,1.0
10.422933801091236,0.11127180762969094,0.013704431001794175,0.019213537294296458,0.0027233931569620668,0.0
8.951979346022755,0.1048908679174943,0.018570994159794983,0.012739532972844272,0.002451993858595037,0.0
9.866019395948898,0.08258266728817139,0.010838730537235792,0.014611805016490162,0.0009248635536906747,0.0
7.602921437084929,0.1269169146824618,0.014935369843461735,0.006545475616841099,0.0006364037391821375,0.0
10.202685177802124,0.10248965090033144,0.014144311802299157,0.0011551167533240092,0.0015408714096383786,0.0
10.675031010132749,0.09481893946386495,0.007577440993366668,0.0014809176242853034,0.0008391523771094155,0.0
9.658870881034174,0.10583871010206417,0.010106536721904931,0.002582485657471159,0.004608661199873461,1.0
7.5774236641228185,0.14668021710303097,0.004869821481184051,0.008340893723277627,0.00457306512955974,0.0
11.482797794277193,0.08978965905945491,0.00918023093455346,0.04813293700691268,0.00040990673340437215,0.0
10.546787556989203,0.10107340111500124,0.007495238523497105,0.0629807594472336,0.022005941383625213,0.0
8.910977353448535,0.10409524865140883,0.00838845617129746,9.1488561512571e-05,0.0023207103008495793,0.0
9.579099329742904,0.09563512911917638,0.0070004198744786535,0.0009187497552606587,0.004040321664477369,0.0
7.748995895827242,0.14683670510196156,0.008851612767217732,0.00566935187973043,0.006390159494614064,1.0
8.461884808333144,0.11913478061550374,0.012128930745059658,0.005549607950664354,0.0009004171711850862,2.0
9.193282980464291,0.10348470642020575,0.009522032358240017,0.019948077990774648,0.0032221984462575946,0.0
11.842631218420227,0.08034564444605441,0.002542507208978457,0.0248034132804374,0.011195171671309812,1.0
9.040744913668787,0.1050129689444857,0.007015517740406056,0.01238648792633777,0.01244746336043613,1.0
10.960320488993139,0.08620748738477105,0.003922402589766991,0.0023461836141610284,0.007123557974903775,0.0
9.19252569570763,0.09817118350436128,0.01097624090392707,0.011636813251952711,0.022049241234814568,1.0
10.371921341277812,0.08550880583942176,0.01201326945621675,0.013866462695773817,0.008769811495279757,0.0
9.787906746784296,0.10058541937540125,0.01102619288741666,0.08529643857277833,0.010915033558960055,1.0
11.309584900139114,0.08432434572280542,0.0068503824268024505,0.0175022243417494,0.022982416598564266,0.0
9.197782992672163,0.11879098804690107,0.010987415716524864,0.00832795114852737,0.00623102686282151,1.0
7.641207624996339,0.13397400042647342,0.0081195429769245,0.005075710026537659,0.01571610907745508,0.0
7.927076452954551,0.12885611508971445,0.00544709820099899,0.010101259779927376,0.002220764503217811,0.0
9.202183759085864,0.1023977587717649,0.012967719678835721,0.004311306807400752,0.009962658799539958,1.0
8.12641004398292,0.12186985934390625,0.013272111014895088,0.0038247498279444787,0.013834203111868866,1.0
10.615318023519327,0.09696376119230321,0.013795581924334024,0.03486316085430209,0.00013304481245145816,1.0
9.301347752712884,0.11385111987321328,0.007566605599870175,0.015498123731912734,0.0011900030080897175,0.0
13.561909825039647,0.07318414635869705,0.014717449250772317,0.04264113063978398,0.03362339959278509,1.0
7.3934281072943016,0.14745066854782363,0.00802567099468773,0.0005846296642312229,0.014970269839752574,0.0
10.305449768064701,0.09709807640904679,0.012614005286154053,0.011833640191724556,0.008115397366023087,0.0
8.308070464741498,0.1282466882278607,0.007956349352933299,0.020686324025514315,0.001444747944349046,2.0
9.259897989425982,0.10384236934457118,0.009104071345016916,0.014883504252152678,0.004177335632724155,0.0
10.212129210010817,0.08470478195284141,0.00031528857044324163,0.007425523780227075,0.003441995869570468,1.0
6.51194293768857,0.15689646543783795,0.008792347142332338,0.002006424305248437,0.014924486033964063,1.0
10.35523917518204,0.10233877279940908,0.01036435986714011,0.012174751451412736,0.007869592851556667,0.0
12.85436119341125,0.08145900758395509,0.008359801530544645,0.014793592300891733,0.012613712911469665,0.0
9.31984255244711,0.11098382576393168,0.017024752272340557,0.012307623498954222,0.02252597132759099,0.0
10.389711785208265,0.09360204734729097,0.005350135658698895,0.05105801541045514,0.0022766654367762365,0.0
11.5373825396881,0.08125750285940066,0.007745675051584296,0.002006092166738584,0.005124602208139244,1.0
9.754069749959505,0.10714777241917246,0.006380509560056587,0.028575891254895583,0.027631077323784305,0.0
9.128559717202775,0.11334804653529804,0.007744892084018115,0.027660407845914625,0.004972685646434648,0.0
6.586395394417371,0.14516588659314797,0.014125652251762821,0.09319870984491098,0.005156823462440529,0.0
10.96148607909246,0.09969558076218787,0.015912127177307854,0.01574276526482623,0.02434579872286045,0.0
9.830247385406654,0.09478981223465936,0.007196829556324233,0.012325451278984342,0.0074559876706876745,0.0
8.480974222917757,0.11253317653422941,0.007107969829107187,0.029921267286262054,0.014274695242037179,0.0
10.18989506541654,0.11186275818778803,0.00537148540562434,0.005088126164557352,0.010845817469717488,1.0
9.124479464790728,0.11748151253929551,0.015225141546077214,0.012794590049979423,0.014338240888268539,0.0
9.207360803326711,0.10554224328281547,0.01448401762766521,0.037155137995315494,0.0006182355398319641,0.0
10.909436734163062,0.09379556426804786,0.009576072800044853,0.0017137964127626466,0.006784234756244942,0.0
7.992426383014234,0.12667747221734285,0.00441560321477248,0.029618271024693436,0.0004886408291871802,0.0
11.570972929110638,0.06938054809702601,0.004773349738174992,0.0012305382567875753,0.000345461199086667,0.0
7.903470755322394,0.11767603279413569,0.010682517801538373,0.02124242428994893,0.012430993077654225,0.0
9.005947887467105,0.11058697486158138,0.012197351673785996,0.011438201581463027,0.00015419401512560256,0.0
12.884419291099865,0.07543018951828666,0.0017354207799154062,0.0566090337009495,0.0057273210092545134,0.0
11.691032142463634,0.08724335692720164,0.00871476035784847,0.010438421574134195,0.001060745765917939,0.0
10.14640598874316,0.10787728283285115,0.016473183558229534,0.04193031364489053,0.0185600284812933,0.0
8.589204676748174,0.11346861417717218,0.009129963173478858,0.00540160402416079,0.002922344647909993,0.0
9.20609153995016,0.09981091104373901,0.015958552363162494,0.048121714118904556,0.010809398774775027,0.0
10.109912971878545,0.10151707254898865,0.012596184515822735,0.020749216362707316,0.02511011473834865,0.0
10.056284848509398,0.0968755936045776,0.00566288159665857,0.003442322843619849,0.0015459215245446462,2.0
9.863693605561055,0.10012400776954936,0.008829314826592577,0.01631606068157886,0.026024895845588574,1.0
9.953751228873724,0.0981467584220278,0.009485223045821188,0.017156920397274525,0.003235522984303623,0.0
9.678437335442329,0.12361870234097061,0.006189953727625974,0.006435693335307203,0.028179501190529258,2.0
7.837031896539981,0.10665920590579371,0.006120527908756236,0.0333130250642744,0.019881024378853394,0.0
9.225233886758751,0.10508252812184483,0.016027074368474243,0.014467431945865462,0.003235962244933339,1.0
11.37193608098027,0.08790982594110593,0.006090557521228193,0.03307730083788827,0.010770427063665511,0.0
7.947498553673324,0.11820337380827002,0.014313744305634722,0.0036351181522353963,0.0030253841100122258,0.0
9.715666732691082,0.11060901944253329,0.008254062086539934,0.0011573422849305616,0.0031499735168383954,1.0
8.770369106843734,0.12168515354804532,0.00989744268046731,0.019619354484864158,0.004874860015066795,0.0
10.167025644097167,0.09798213889884753,0.01224737767295429,0.01822946932122639,0.016763070153488255,0.0
9.417050228399773,0.10391564645404122,0.007605765308381285,0.0029020512748112234,0.0136154785093112,0.0
12.216090497462003,0.08112934689302947,0.012271617253978134,0.004315153782038605,0.02501522217009473,1.0
10.75987473128538,0.09216204939859587,0.0018142812018064718,0.002350506507458388,0.0066993005077348455,1.0
8.032295251334183,0.12371927837578234,0.011758829553658548,0.004154620046458092,0.007800415551070361,0.0
11.006842017420547,0.08949638826106289,0.00012587950171345612,0.007382998734758368,0.015695481427959873,1.0
8.838022215606905,0.11545583822289289,0.00909261309320617,0.011930642468016879,0.002538096712489507,0.0
9.1345054429337,0.1162744325094296,0.013416971941273967,0.017923030851899696,0.012854907003257535,0.0
10.470728530160683,0.08655247367398895,0.012489181224233504,0.007727033344615528,0.007907856782087656,0.0
9.262378870404797,0.09925985942478024,0.004806358084152236,0.024402677340632818,0.003098396888798306,0.0
11.339283724484433,0.07667691643461733,0.005321342415625933,0.022769738096754734,0.014105862790829149,0.0
8.838234907729907,0.12126520031335769,0.00724531183870946,0.015323333725282825,0.004413467380476716,0.0
9.071580171112956,0.1124641690924391,0.010744863449432538,0.0005563774796451519,0.0005172221065075157,0.0
9.015443659677837,0.11549619795888667,0.0018722672398251861,0.03366514207632209,0.020829163094003986,0.0
9.15154187746744,0.09746302191188623,0.009947105696605767,0.01806498469270554,0.01501099957898151,0.0
11.64878733332172,0.09902269296927285,0.011245717495200258,0.047770877979748064,0.0014917700269311467,1.0
10.943194440415455,0.08703666403572048,0.008867851276516065,0.01759791617616712,0.007213090059219046,2.0
12.564915931018106,0.08066487796899374,0.012101283872212208,0.009117524044644842,0.0031088160400956307,0.0
13.401466305848881,0.07989728922149801,0.010894896633304816,0.014697540922074306,0.008046528824662265,2.0
8.45392445210149,0.10930762258336538,0.00783338296240442,0.003784441559494151,0.012865458631352312,1.0
10.105628690990933,0.09472299267001054,0.002255242558962039,0.01766231999444766,0.001508065596196664,0.0
8.23569952503485,0.12317556748562969,0.010533652326283291,0.009308497104006566,0.004456203624291945,1.0
8.833591108377599,0.1422792248550227,0.006187698539080089,0.006010823013658936,0.0028058420869554934,0.0
9.054876234616495,0.11313047915311314,0.007686629500553819,0.0003752055261138649,0.0055436088056546855,0.0
8.414267688792588,0.13514325604257055,0.011916496871852344,0.007195602944623884,0.0024318292449116608,1.0
8.42216909065238,0.13075714187222826,0.015669333533737406,0.016851266339370924,0.0037000138519425654,0.0
9.783573432219617,0.10526608452461962,0.009847759506231964,0.004342473797554019,0.02016628501478794,0.0
8.17492237242039,0.11301814671777234,0.012216259345783482,0.051102622102028934,0.042523809685261864,0.0
11.263190438706449,0.09664028106741085,0.0042220826353884374,0.022303163540552062,0.0007053002493754788,0.0
8.623369693873729,0.10286634534655176,0.010982094323980139,0.00858643081973887,0.00026568137736018415,1.0
14.214353455144588,0.0799637197023915,0.009760376249291351,0.011068661107438723,0.013101974299437158,1.0
9.322923323553407,0.10899254253713186,0.014916910322504728,0.020582215073855686,0.0018116916753283321,1.0
10.108026462875578,0.08003048204485347,0.007838166095884974,0.029461888576317156,0.00558421837318197,1.0
8.056988223300948,0.12078051517355087,0.009033449531350516,0.02691016524920595,0.011580841642767932,1.0
12.559137637191458,0.08389974762575701,0.014235257868531179,0.0004457240764650819,0.00404475884729662,0.0
11.679251021204374,0.0840136695794028,0.009631864830421402,0.022599573756808527,0.015012060228957258,1.0
10.445373806104168,0.1013719637644024,0.005564634474850926,0.010796228577628752,0.00043852448560709054,0.0
7.979796176830652,0.11707801133774746,0.020206533093160492,0.03158357260343137,0.0020766926899856387,0.0
10.31600031658693,0.08732009070538801,0.0056856289466530666,0.015290286853358764,0.00937746792729156,0.0
8.317853430974118,0.11953813314428584,0.009741199673801906,0.009001543091493737,0.016015286146831943,2.0
12.19353289521004,0.08221804567525443,0.011386752624102454,0.013627216900013867,0.02122826929225761,1.0
11.21379209777976,0.08672481614627771,0.011070470036124458,0.0016492492902254738,0.003928383035541586,0.0
10.143158557731605,0.10875951128209174,0.009241025183974405,0.004879743128677294,0.0038628369756271833,1.0
6.345436505129016,0.14723100192697228,0.009260958517894768,0.012133237399129571,0.0013079096898007446,0.0
8.524876032011454,0.12027972192307505,0.009060272534848179,0.0017161136821402215,0.007584661801336944,0.0
11.03164169739981,0.09114259108840346,0.005536264565634512,0.007225938700483595,7.277087784581372e-05,0.0
11.819325537584733,0.07470014651975779,0.018600876857690914,0.027838518563169882,0.0057128015359793225,0.0
11.663754717238197,0.07714962501161292,0.009120036329146493,0.021575336972916238,0.052819729160099235,0.0
7.611980496637817,0.1314970966987669,0.012387723971292383,0.020231659953545932,0.002003672643015584,0.0
10.452328460219356,0.1121039433044379,0.008661388569273579,0.02107261052911333,0.011910320851681741,1.0
11.523272824724394,0.0908971047413971,0.008580945310578066,0.0074633732111042475,0.00043376197932488075,1.0
7.512496651626632,0.1159473998637077,0.008178225349321399,0.001666119975606793,0.017620470649373103,0.0
9.988143226940146,0.0780631037119633,0.0038006168480429975,0.014184997825546006,0.00029996872256553086,0.0
10.410763597462685,0.10185592697784895,0.009357515439516923,0.006243151513653428,0.015537857843336075,0.0
9.548853122729899,0.10392163909790679,0.00837196938272228,0.0008244827559868842,0.005481630104075163,1.0
7.221757216898197,0.15170809569477103,0.014686098036739108,0.023936138596018036,0.010539369366736304,0.0
9.511452834889408,0.09798370714801702,0.005213199529661938,0.00487256539999927,0.021229434335736395,0.0
9.509041854617465,0.10815108218511993,0.00769141128978058,0.00507849763213394,0.0027417373066519926,0.0
9.777891393178368,0.10943440177487498,0.006406238132983671,0.018555683055869167,0.011483764913670218,0.0
9.154792861862395,0.10539135751555172,0.015770121576047236,0.10567791847076281,0.00266271493172105,0.0
9.335481770137799,0.10352840802216293,0.006522366220581315,0.019645678209026757,0.02531530881593062,0.0
9.940440576479533,0.10080268197662738,0.012249199378904547,0.021261918206528865,0.0066678851883672785,0.0
10.663681907454567,0.09793711929735456,0.01388064589362392,0.0055636243240719295,0.01167207576794204,1.0
9.543359855715,0.10466480903719001,0.009415508354338367,0.006755058983361218,0.010699982913362023,0.0
9.385526607447996,0.11518116146385542,0.004492755996238127,0.006645257666476957,0.005087423548146745,0.0
10.138531057381687,0.09505515882412809,0.004543384564945239,0.007128878705196674,0.009033494965295616,1.0
7.118626111157228,0.1263137533411189,0.01343905625918432,0.00799534059556683,0.007514512140003608,0.0
10.715552690839687,0.109313193810547,0.004957623924800571,0.07967585106456013,0.002118291285677886,0.0
9.999155354315562,0.09528610098834008,0.01156810644423965,0.006702786830475435,0.007955151704769195,1.0
10.059540289896344,0.09498874828555401,0.010457396439282386,0.004787118151943496,0.03042692326050826,1.0
11.441101461391696,0.08694526218784826,0.011508529937244109,0.07204246544340817,0.002135034107941966,2.0
7.070776704927628,0.1421893236347072,0.01188633923138355,0.017495672319491007,0.0045636959263882166,0.0
7.039249195211554,0.13773328139831018,0.006265316862328393,0.0031173195844843124,0.005229801602396631,1.0
10.410705767985279,0.09592109148578519,0.006097887283941035,0.007016178271118501,0.020723804541090986,1.0
9.989324717307227,0.0997889350528943,0.01285970853640161,0.015460525238709251,0.01141655372805366,1.0
10.255265414787898,0.09888420829820259,0.007482621557742414,0.006308739381856303,0.0024794200502114053,0.0
9.306809387241332,0.0889798516234358,0.0,0.005143136191525716,0.0072790120376055685,0.0
10.996530511359897,0.10570429950660425,0.012595021191535459,0.0024473655070781555,0.006557617583189343,0.0
11.39895826448668,0.08669968434287191,0.0058549548477249275,0.09697336958136658,0.007462847096350544,0.0
10.72597344092729,0.09766437580181682,0.011868543511621013,0.031058076645890383,0.0009313482533613369,0.0
9.608757312393125,0.09320788013895823,0.015571287397267878,0.0024618585090861803,0.00697699136886282,0.0
6.838465918578396,0.1408241336094221,0.01006704982904779,0.017128410844941086,0.0016885409641729148,5.0
11.153854312055692,0.08496036837023255,0.013983063326654124,0.028454925962343905,0.005157572970079072,0.0
11.832592999326389,0.09505686939666068,0.01061519072214481,0.011274760634056238,0.02398342249040388,0.0
10.96683761797597,0.08700923245426992,0.01634971731256459,0.0011239902829629366,0.0043241510443926155,1.0
8.68053635894874,0.1224029362386735,0.005751571564971576,0.0011598807647348558,0.023843833878345377,1.0
11.010691590501636,0.08621592274640062,0.009967140078334042,0.002157968487016627,0.013833107623827988,0.0
11.290794561942167,0.08541809901735159,0.01269264642016587,0.0181898420802207,0.04498718173106894,0.0
12.33822437169863,0.07947234899093406,0.009238352971959818,6.765822645786396e-05,0.0076107078717920764,1.0
8.685835113658063,0.1275832813210382,0.014608875986610679,0.017071286892131075,0.0016334109140963586,0.0
9.660318123183792,0.08899146680775481,0.008271841841956878,0.011740942448584483,0.0015910047232307702,0.0
11.120908076715182,0.08093733776927294,0.018277484606515553,0.011794157573036404,0.007789629010623067,0.0
10.086115107157237,0.08484373303138658,0.01848879001708898,0.007500802729038343,0.0057023733700520855,0.0
8.324008596923088,0.11012445860772743,0.011128287984909198,0.0154375261285783,0.011227733203109365,1.0
10.621924427540055,0.08822647319877638,0.012210404721418468,0.003748836270436842,0.021410851580524335,1.0
10.86799245072275,0.08086448927063213,0.01476668574249855,0.016660310835887295,0.0022072126010703797,3.0
10.131944344496503,0.09306798244791362,0.005251210404130533,0.012466085853715801,0.016730140248396162,0.0
10.329377390769917,0.0824000555562097,0.004751999941688838,0.01577807136186924,0.00463862679806517,0.0
9.611941147471406,0.09590038399914294,0.015025675655430538,0.004374690252305887,0.000969837377580475,0.0
12.21741840357409,0.09010054734766479,0.011095953891491997,0.0013188881099747236,0.009281418996394494,0.0
8.648961724430984,0.1194147876223161,0.009093979016080842,0.039975791802445246,0.026545305015161627,0.0
9.119018855854332,0.1113179449843357,0.010044493211524645,0.05047446316902569,0.0011690162998523876,0.0
10.01647827029129,0.09213928786431964,0.0004558341105437222,0.013105287818772201,0.011433695678567151,1.0
11.318431041551339,0.0781348374632634,0.009237750742171995,0.023481994590969123,0.0066402282570884675,0.0
7.753940244858195,0.11773327211461267,0.006987813043227106,0.016289685075436978,0.0006865668499315162,0.0
8.03455487535184,0.12403290501036879,0.013672286534460329,0.009684271809015,0.0020066666211123623,0.0
6.943407238397923,0.15437995604155064,0.013980123113536025,0.00633911531382097,0.016345448584252575,0.0
10.049042837879906,0.10696132092156042,0.012306720936519643,0.015416250285308242,0.0012144033719632132,1.0
8.322541274190185,0.12637284416646785,0.011581834595196567,0.057059397312512784,0.0017103913910340033,1.0
9.423174834973125,0.10004085641887604,0.004010613005118928,0.0075675728433891335,0.010598290446315191,0.0
10.992067284837562,0.09115354650888212,0.012362572319987497,0.011526756400361675,0.020358730319493756,0.0
9.03768591882573,0.10783957621238179,0.012517591782093536,0.0005069199403953153,0.000910013237506132,0.0
10.346923034115047,0.0951039889798851,0.01498077061507492,0.0018142122131164823,0.001839110675590807,0.0
9.550993138372418,0.12323343079022434,0.01847283924972079,0.00871705096447993,0.0010181724363390384,0.0
11.008171472644655,0.0788981201515397,0.003229757305713566,0.002774674407610415,0.0027716884603245875,1.0
10.712692101022013,0.09161105182631438,0.008446092697527146,0.012319448443815988,0.018584047078642914,0.0
8.962099455738086,0.12293929264005989,0.007030933451369421,0.01815942695329816,0.0021134770954019406,1.0
9.747022369899321,0.09124262059240378,0.010690028753540297,0.0014161588184948874,0.009331008988980512,0.0
11.565615096580741,0.08212307237185688,0.010053607432872156,0.01381030217702141,0.00013915511941272446,0.0
10.590065305381145,0.09051502625404792,0.009063671707679417,0.0098239818976392,0.0087147459160719,0.0
7.904556913373303,0.12426951109154,0.014110417445604696,0.00617052999339548,0.003046403463618717,1.0
10.983427091757074,0.08013327592180142,0.005594343155276866,0.007717013260208457,0.006643034872999496,0.0
8.373084066345642,0.1252555287199007,0.005835514130429576,0.012002960984779964,0.010055650668676808,0.0
12.118769604941509,0.08703434438824335,0.005903098915607832,0.06535546294619997,0.0010784652458341835,0.0
11.536148259761537,0.09028215958239591,0.008558689650296053,0.007906355659959338,0.007401419659334762,0.0
10.434828213877601,0.08938709380306696,0.005085639136352615,0.02124998113469549,0.005454461069895873,0.0
10.23584926515429,0.09837433530898497,0.009805714044802918,0.004874745650371291,0.02334315258159828,1.0
9.68645161595887,0.09606950032776543,0.009338039221476533,0.023859607960946615,0.013553157597277299,0.0
11.017785927100043,0.08837920254513461,0.0068539395440036805,0.004611892194611787,0.01276330201475964,0.0
9.443832745806908,0.1257971644903889,0.013495065016224782,0.029597646808934883,0.004544404152831187,0.0
10.35335480595984,0.0973293225582273,0.009761997886853052,0.0006694712116566413,0.025149795922698517,1.0
11.307901549779176,0.08041907661367725,0.014250589456127215,0.03818104755279643,0.00484101719836375,1.0
9.157290184711616,0.11078947764263652,0.009219800595182272,0.02888040231933061,0.0011999049565121816,2.0
9.075710890013958,0.0988901751881927,0.009903220447074581,0.020039726876812408,0.0005016706085985826,1.0
8.208451778913311,0.11068298446643805,0.007748870381273157,0.009955669128795362,0.0004129193742138769,1.0
8.403290880810742,0.10949096423548234,0.009971813837858062,0.029009866406542722,0.03941667797655586,0.0
7.2574070328377465,0.1329785604730828,0.012848925224528187,0.023554271921147275,0.0003854414544645835,1.0
11.094743183523294,0.09714856352500294,0.008354663070918807,0.0010804331038832835,0.00550372094549183,1.0
12.713371813124155,0.0823824803005067,0.012073647850138657,0.033101363698833756,0.0011252356289190503,0.0
12.137993415205457,0.08590606400948327,0.006749012155817035,0.04246173251078544,0.00044952378875520813,1.0
7.5608732670602254,0.12112882137083465,0.013036202262088839,0.0064645163362964855,0.043596933059815726,0.0
11.0872820073343,0.08637095447431116,0.007680376690752291,0.01028982104572893,0.011441812046874634,1.0
12.133159524885334,0.08423185764622412,0.013406719492916202,0.004885206557480621,0.052512106029505894,0.0
9.314785028892004,0.10209326459773357,0.010243906169734661,0.022247598362402567,0.003097536403633577,0.0
10.152171145975075,0.09633178967080935,0.016083814933564256,0.0063372987101544265,0.004403510367757503,0.0
6.988160423792994,0.14824208180222834,0.005383729094983164,0.0395130033713396,0.0076427061300031055,0.0
10.400104251964962,0.09350712477199855,0.004095292906752527,0.009863342627400252,0.00983513162238986,1.0
8.404660405847924,0.12115293630316118,0.007535131016097733,0.007595212917786961,0.0003055088513605661,0.0
10.299452526867272,0.11028664216773722,0.004461556207862747,0.045158032710310145,0.03369180263952724,0.0
7.65819561671668,0.12879605421631127,0.00446906042228689,0.011650238104908818,0.009745612485777112,0.0
10.814287336716394,0.1016193675373182,0.012486203041839504,0.010079149635522195,0.0037259301663040267,0.0
11.536769013140034,0.09064634749667254,0.009983284826349368,0.004509938082123348,0.012048998496674795,0.0
8.825230207427248,0.10076199302351242,0.008081276093182965,0.008797712903913641,0.0017444664193736832,2.0
8.294616127884348,0.11038537713688379,0.008452149610778273,0.010047361087334887,0.0013773802244714773,1.0
6.765965436175028,0.13826368826350827,0.007611049342694643,0.017617857812911066,0.003746218570826575,0.0
9.600379698887235,0.09727731683578289,0.016601476671276177,0.028783907273382165,0.021627986296293235,0.0
9.127609098577592,0.10876921152671638,0.007057977169427854,0.005589889872189305,0.003914127445456111,0.0
7.673470881477918,0.13688727307998202,0.004711464407666803,0.008960593865392977,0.001101553984034854,0.0
10.679528134468258,0.10352770954318771,0.01318420246994531,0.016301362523185602,0.022259242640265322,1.0
9.325044427203027,0.10991480395998142,0.009136977506608716,0.004129945789302676,0.00085390946598323,0.0
8.386396062032151,0.11506417749856777,0.018155094755271543,0.003009257759789967,0.010868391227443432,0.0
9.16814139153933,0.09233667399813657,0.007895177444823459,0.00012183301602586385,0.013850021108597179,1.0
11.606956808394424,0.08664313634782707,0.013383936719027168,0.007082177507040809,0.010623638720675697,2.0
10.904405415632834,0.09189531238900873,0.014328789322397222,0.028791186707857484,0.001027553181848394,0.0
9.804960907752266,0.1034927028748816,0.007914656671191986,0.0009907089597831326,0.001645853580131599,0.0
10.928657527697279,0.10829576324542693,0.007028316928363857,0.012336342747077655,0.005720753602444526,0.0
8.258632065419892,0.1337194620215727,0.012965466123723618,0.031354641000653154,0.01507065280558994,0.0
10.048555151090547,0.1059673782441636,0.012299567671655723,0.022715125543370376,9.438069212600649e-05,2.0
10.220983495729707,0.0905902232403809,0.004357559597156294,0.01741708841284442,4.952701456793228e-05,0.0
9.29524523725191,0.10325613969579164,0.005486257454781117,0.0004373388218220619,0.004237902994855556,0.0
10.653187503936127,0.0931590797600226,0.0,0.003097915762419738,0.004115835127196933,0.0
8.829349818033323,0.10644637427988239,0.01238154741591521,0.019206991103039365,0.011548729424839968,0.0
10.764731061664177,0.0966907066751118,0.008952691227457019,0.0008946699875285414,0.0003914033198495191,1.0
10.827788157296938,0.09502995709189563,0.009351398316098871,0.005675658922619578,0.01090834902634391,0.0
5.624260178954401,0.1629757211705535,0.0032342236091925875,0.02834028501755963,0.00867065565192487,0.0
11.785458555265176,0.09337598292159965,0.005607590587642695,0.013868831872097738,0.00544123622284634,0.0
5.4285511519708685,0.1857251383926899,0.008088164349729735,0.013969198123581937,0.00641968522353801,2.0
9.075926461665812,0.09594778361985648,0.007310697599408717,0.006343409096005765,0.017557860734917666,0.0
11.538022051386633,0.08631470722144362,0.010471344302070525,0.0006443757794434579,0.004515254313629522,1.0
9.52406991212134,0.1073859684791966,0.012333872506527257,0.014266211114228853,0.0237739906043359,0.0
7.800721026295687,0.13856818281801547,0.01907845027714079,0.0017276391537389437,0.0027324933727088845,1.0
8.359394407424993,0.11643942510046745,0.009919931879876298,0.026626904136489493,0.016500206623734453,0.0
11.54035861948093,0.09258619084329045,0.014461610652387782,0.014700047940224763,0.0035193801566056515,0.0
7.117743204177042,0.14261317976796614,0.006680108892080901,0.04153484249056965,0.013894283494223765,0.0
11.693486651443026,0.07697794251149781,0.0033002147400985763,0.017547398623035164,0.004280654803798559,1.0
9.917346851436566,0.09004022420283567,0.008590793413159502,0.007297675320048316,0.00848242541332502,0.0
8.21140700433635,0.13322451436002736,0.0036091131285030335,0.0022138013475103413,0.0008705020187770921,0.0
9.125327391545964,0.12058805535561276,0.010058692668676414,0.027408732839607163,0.0024297182604023845,1.0
8.474163488347537,0.1210938751470167,0.0068781835019653395,0.002722307908039463,0.014118616868615784,0.0
11.299337801287793,0.09975006369651633,0.0021829144529816585,0.009711301503632603,0.004953135555831813,0.0
11.098641714644257,0.09804840978725161,0.01694410058344071,0.006716173298866976,0.0038006703783229332,0.0
7.42125829918593,0.14232269116578544,0.00784975314757848,0.011392008414187606,0.009779812758069273,0.0
9.394611822220998,0.09895983347749236,0.003449522788223209,0.0022763063828887173,0.03362432270313809,0.0
8.705221506483584,0.1319399058585095,0.01359268716202916,0.0013815261085394499,0.002512110501367126,0.0
11.940264952689056,0.08742166152580903,0.007085542549842859,0.022016753211146253,0.007760511499019066,0.0
7.974851322810368,0.1215827585724732,0.014360664134762648,0.009778347866358016,0.009465912758458582,1.0
12.40634365702752,0.07640787383408741,0.0070664226612878024,0.018069754778164665,0.011209226525158416,1.0
9.950057890724594,0.10258786102970074,0.007836409238948811,0.0013467660482852275,0.009130960665228675,0.0
8.257098390429869,0.10595318131457027,0.011379326837908186,0.013159028727156833,0.007417424775533176,0.0
8.984088723986083,0.11771589452538846,0.01237287752281644,0.042502228848195864,0.00912993353942577,0.0
8.797571738847324,0.10531900310244996,0.013073934949362395,0.02504240996901102,0.0024723303341387753,0.0
8.088072396976742,0.12735946161915848,0.009641035445082683,0.02608698096805422,0.0021882368255340327,0.0
10.142240289595563,0.09456777208454349,0.012114466886218334,0.016215580032149738,0.01697637939948883,0.0
8.158126673962235,0.12001145704669493,0.012982514427693683,0.004058339940534708,0.014971366292915084,0.0
6.729450686892717,0.1398693776645848,0.010802276554267399,0.00967065892117629,0.004555847696035319,0.0
9.43048529372774,0.1046801349069633,0.009429367546942815,0.0065271770684769805,0.018976866790479045,1.0
7.295715705373176,0.15943213670346382,0.00421882020707548,0.0087009946055513,0.007589341980165673,1.0
8.87175869789872,0.1259250637179438,0.012396696627119955,0.054584402472291293,0.006782537083433742,0.0
8.636345667094966,0.11912031791481016,0.010168694796564603,0.008046927925779095,0.004683219018572412,0.0
8.693175891961278,0.11480021998139511,0.00834553659059717,0.008213403729723073,0.02050578058493334,1.0
13.001444652385231,0.08228846137456308,0.015111065454366641,0.029256667098220897,0.003464140351705866,2.0
10.084617350754357,0.10854248707098338,0.004288665468346738,0.009384066916189256,0.005876458064214928,0.0
10.368056513492999,0.09025511017513654,0.016576145261459545,0.009301552757041918,0.0031563598507172515,0.0
7.335402555486558,0.13548323124683584,0.009910906885462138,0.008231251317383928,0.0029232312621496966,0.0
9.019055299544616,0.09583797699565949,0.011270072714011594,0.012950361081294935,0.020671914000943117,2.0
10.322953944912268,0.1059782086002557,0.008419823541878917,0.0017630758523267172,0.022642437667719614,0.0
8.463206630630491,0.13938349394240676,0.0033317083499066792,0.005902595033658059,0.009904959360960794,0.0
11.362094265276978,0.08857761189921166,0.009441560406136881,0.06321238857609225,0.028725461267240713,1.0
8.195955121148454,0.10293664628027961,0.011338979627571171,0.030632257473919587,0.0006403928420290955,0.0
9.570450796202236,0.10970404180973785,0.012704901785610376,0.01652481482202639,0.0034758199396144915,0.0
9.120922540036663,0.10198820721020918,0.009207867206244395,0.03552669546060983,0.0016946931811099666,1.0
10.246480989072873,0.0925503661406902,0.001229840635182328,0.029472436262431737,0.0014153090339020483,0.0
9.039264892216861,0.11631517543902367,0.0038333546216694978,1.5166446984012424e-05,0.0032185274480049605,2.0
9.593659559393593,0.10637995766075142,0.018208078495053175,0.0030412436264218097,0.004964252305635576,1.0
9.645804862333021,0.09970177551831949,0.005629856064911538,0.01564525100557148,0.0031644953408543606,0.0
8.898418363913049,0.1066884899359027,0.015708197832956836,0.011645427230803088,0.0013034481911293532,0.0
10.727640802745668,0.0941602859877791,0.006263653050329618,0.00697290204890122,0.0025722400117914996,0.0
10.357582562256137,0.09343622972630664,0.00927017636108853,0.012486803613017254,0.021066610875477502,1.0
9.867079082120249,0.09274116469917487,0.012500833038399616,0.029197541793414574,0.00014239528598966172,0.0
9.354312499807063,0.10409591748107967,0.006719222213676506,0.0033611697732014367,0.008785000660654841,1.0
11.194816045779996,0.09178710971750416,0.01636886054303622,0.008852670368460186,0.0003690550286372466,0.0
9.646248634278727,0.10220063636641201,0.010302913432273644,0.011324409562261146,0.02593478302229457,0.0
9.539954068261094,0.09361455938025014,0.011843403385198679,0.011286576127479894,0.009490608782762224,1.0
10.157035044832188,0.10656060405149916,0.008929571967923497,0.0018503084109240601,0.019908475505468048,2.0
12.544880024456276,0.06402910514460189,0.012634881148068364,0.016770569631301135,0.011200028767040992,1.0
7.989465687968194,0.1207741390212826,0.01631517095939945,0.005429582560577143,0.005289422912582685,1.0
11.154785339583032,0.0853082202321962,0.009474856249507143,0.027543138868447357,0.012504458120651476,0.0
7.160243258142843,0.14132548497934913,0.016918851162996944,0.001724407458218274,0.020328182755325032,0.0
10.325909737342936,0.10129448611065224,0.0075536167664835285,0.00018536635762418898,0.001750499069477218,1.0
12.362624241413096,0.08851913265876118,0.01305638415740684,0.013559827740912746,0.0013356635815674526,2.0
10.733002786700961,0.08800903872397227,0.0119564573449722,0.018447300135187555,0.0031941848502046047,0.0
10.255937617809689,0.10218910305080509,0.005725671709270522,0.007782983649480852,0.006550079949396031,0.0
9.159325796795386,0.11090213846639847,0.010855238818549327,0.05105387805145227,0.015469350994481754,0.0
10.046570800732832,0.08679949177709037,0.010029463751401492,0.009174840268437142,0.013202361237788826,0.0
9.621905776894966,0.12099583804141822,0.00658723129489262,0.04440993557402819,0.011608900082809848,0.0
8.821035088102967,0.10103975454382584,0.011432009736776506,0.0021997023546639397,0.005806543208443945,0.0
9.565186576787696,0.10811386225137104,0.010585158184434071,0.006340326897311186,0.005902117515428016,0.0
10.29757174093966,0.10018755310075197,0.009709652210771134,0.005017137830589159,0.018200857658120777,0.0
8.84917439720404,0.11552443376662751,0.00972569012376526,0.002252786315386823,0.0012825897207514212,0.0
8.790577268972974,0.10934507918248085,0.009639958964305523,0.010121705088214672,0.0013958351457358732,0.0
7.959634843611738,0.1342296804910877,0.00852920151501469,0.0049851025539436895,0.002666883644236951,1.0
10.586087539133343,0.08337806276173543,0.010559336380059927,0.009785374978774101,0.003963464948347053,0.0
10.81798489295059,0.0919531270761796,0.0074243431505448786,0.03186018806383971,0.009057557998713196,0.0
10.347490666354776,0.09237914615726789,0.020627237965879997,0.011476307825569482,0.02516948014147473,1.0
11.447755739093,0.08274617074052423,0.004362667018138737,0.09131547812561125,0.0012106490246019028,0.0
10.13180145562109,0.10214322201474778,0.007661055691062164,0.008159847316632142,0.0021349633688610265,0.0
10.588016406048634,0.10294869203552615,0.007977031581692237,0.012813707742671874,0.00203059336882055,1.0
10.455756138456344,0.09305048214344185,0.01816197365729815,0.027197605263786586,0.023239752230306283,0.0
9.862689970872689,0.10792654083563685,0.004719461400090003,0.01757568457552551,0.0048611480526857395,1.0
9.203767257805529,0.10908437304564286,0.01170368919194444,0.06608307286430887,0.006620893548272463,0.0
13.321228923687867,0.06989385819939682,0.01099357626018616,0.016705703008389767,0.011941788691046014,1.0
9.322073530219738,0.1050812673743895,0.011334409218698192,0.014464074054820072,0.012958366925920325,0.0
9.001183433319346,0.1084663890269687,0.014945372650443762,0.006123089399997951,0.008817760686641071,1.0
10.65101473517516,0.08879828334111022,0.014863317438988354,0.011529708214478646,0.018080645716468547,0.0
10.377781622942507,0.09972005147564207,0.008196172693919531,0.029503501310864412,0.009353851665323092,1.0
7.892812678584509,0.12909833698346668,0.010776069797975964,0.0065305643923553895,0.06427531522964765,2.0
11.684017381845608,0.07536036177904672,0.002543591871391424,0.022089669302138498,0.0022352255983917398,3.0
9.85870813697375,0.08887919249259767,0.010396372034087716,0.020857908605569242,0.004229597567509063,0.0
8.333603357176418,0.12414299624404052,0.0068240422886723245,0.007891430718886441,0.005350798399146902,0.0
11.783176171530812,0.07950815529517634,0.009254470296157934,0.017409397584616407,0.009910198068305115,0.0
10.93851335739423,0.09365601676460224,0.0032585125407332202,0.037669099611056175,0.015154620569512469,0.0
8.103187012078129,0.13136403504072375,0.011619489146876301,0.018599196761390838,0.0025874242985620757,0.0
12.665774260386586,0.0713199175217334,0.003213725217697569,0.02699360154886092,0.01071004901104368,1.0
10.98819605254929,0.08128899854265106,0.010593138427166346,0.01875479086651158,0.011501054722195644,0.0
9.98470582656243,0.1145092159814325,0.005093977627909802,0.041894772645864324,0.01600300127726879,0.0
12.38532820843267,0.08304381653405142,0.006601435859456462,0.026548891734694526,0.010390431496132821,0.0
10.238946675744462,0.09444496423753801,0.014618928410180651,0.007165186013508626,0.0013268513365243793,0.0
9.957875387343952,0.09319334452375974,0.012351671783654488,0.04352789670885214,0.02490941452361252,0.0
9.009549825967017,0.10655218919607844,0.014596812550682172,0.026105185520147775,0.002361209470367705,0.0
10.872775658960618,0.08361705221428997,0.01623890853000516,0.007297914090526795,0.0012119781478403997,1.0
10.71490445098597,0.10016236720794118,0.006908645171440941,0.006892922782509099,0.001975985271013329,1.0
10.022020209834567,0.09376864204952873,0.015995886649763487,0.0026660441733889415,0.006345308787370882,0.0
8.815020469198595,0.12381405802251517,0.004137977375284394,0.01584622436303599,0.0016867204406039462,0.0
10.194894781249111,0.09499439425812653,0.012984401338179612,0.030143759787795554,0.005502592521708324,1.0
9.895301821356794,0.09296538162772255,0.008026649141600114,0.023941947273182714,2.910952962668811e-05,0.0
7.999788521898698,0.12081205159372672,0.006278799429442735,0.015946131072079407,0.001977155097140356,1.0
7.7922814730137215,0.10403092885452267,0.01245787946921777,0.01105226744509897,0.004624158680625576,0.0
10.847730068214654,0.09129882748281908,0.013779806100676853,0.005982370324952775,0.004389365312292436,0.0
6.097167527422466,0.16179359535368754,0.013661073546586178,0.032796538332150266,0.005971228810831742,1.0
10.30811579044189,0.10362754500505847,0.010859439555579168,0.004227075087177771,0.002069572948914057,0.0
9.282875413369263,0.09263615751477326,0.010527829205316957,0.004506915889079255,0.01226196583685809,0.0
11.962369910319865,0.09173818510284057,0.01210746634279961,0.00796553943954174,0.023899936233452494,0.0
9.259797686269186,0.11532117044944079,0.011215056302068765,0.0273264424695523,0.013553478118123902,0.0
10.989226321377844,0.10058502568728073,0.012165423358343922,0.02843264063590928,0.009033457573953598,0.0
9.404629238143313,0.10588308658978389,0.010815997844442857,0.0039693859469571895,0.010443588208044143,1.0
10.170622230229215,0.10662986528139777,0.013371135298025456,0.0031713208238845587,0.001746910316040371,0.0
11.105254796380077,0.08004887253331795,0.0034911687737982887,0.005194979430965944,0.007829598151125347,0.0
9.30616642551313,0.11376351309983081,0.009474906099654455,0.019763515668826753,0.01098791669817868,0.0
11.494832326747606,0.081790793349126,0.0044646140246176556,0.05039962828206343,0.010616218419849383,1.0
8.509453184340275,0.10297285888414855,0.01110680807041954,0.02988951168794609,0.02593147093701217,1.0
10.441889263837568,0.08753148064663581,0.016567720703414793,0.02725405918068457,0.002974768816410444,0.0
11.38395958418178,0.08788177624893355,0.008103660872212126,0.0335851391086854,0.004017850561161269,0.0
10.990056237685502,0.08518458214781047,0.010509008121188861,0.0040701096607630525,0.004526918430920259,0.0
12.874667315103116,0.08004424584961421,0.013025946859686556,0.05425610268935973,0.0012990298009880644,0.0
8.854841024034009,0.0977225124488288,0.0017291082729339012,0.0009203143060083612,0.004103882596312747,0.0
7.931276122977119,0.10635404006802551,0.007911558071423248,0.008515111124119023,0.002236826125329772,0.0
8.508497337257321,0.13116825951788721,0.011458062637091402,0.01976578419965234,0.006078646012992432,1.0
10.990663849822656,0.09780865967407412,0.0,0.002062879739359448,0.022890345288777578,2.0
10.746884401404067,0.08555809703441809,0.006092766027700115,0.017378027817868544,0.009479746926599657,0.0
10.153384989471125,0.09846568985121137,0.014403431893525158,0.0003603928157612077,0.019629278377265778,0.0
8.315564426339305,0.1304756804849829,0.0140119876018029,0.008014922433954219,0.000795674197449162,3.0
11.150300939993592,0.09274231491260758,0.011497272909480402,0.02719047700388097,0.0018660864703654767,1.0
8.16294283352419,0.12396612977936433,0.01352879055977271,0.01753653431493331,0.005136050801881585,0.0
11.73842437356535,0.09299074854389032,0.010860416937685856,0.018765624338708185,0.0043562965785946565,0.0
14.286157634709799,0.0660232669920696,0.012221579629769259,0.007618156279847699,0.01029539080548011,0.0
10.549676719857326,0.09502636107324974,0.008737385164637545,0.0066497441637889355,0.008596609279557603,0.0
10.874662203486615,0.09182566862332982,0.010463250731688372,0.03901162957325523,0.015521693167656383,0.0
9.26071034665666,0.10565230468358154,0.007470518454336711,0.0028591902072312033,0.03552504933982849,1.0
7.284680018369776,0.1330596232312601,0.015053933376729254,0.025859664884402486,0.000968516436526563,1.0
9.095920955454666,0.11058214867008294,0.01608623763800881,0.006990045061907478,0.03875736677176751,0.0
8.360657138351876,0.11993750909361996,0.015519651202788294,0.050636343016493966,0.008020737634864838,0.0
7.829493135377477,0.11744654493435895,0.008367564953288551,0.0022294426343059774,0.01107307345997322,1.0
12.583539912993473,0.08473335687802928,0.00618490384253965,0.0034369064583179556,0.003372432804443463,0.0
10.409293777038659,0.0888496328953934,0.015107894643000653,0.007606176939885191,0.0059719474786175016,0.0
10.569531370920975,0.09297411678604489,0.01217562881036565,0.012764150772334842,0.009058565154692678,0.0
9.536466452205627,0.10241260668308949,0.01131433736609457,0.001977197313629083,0.008992578987846328,0.0
9.740693376334846,0.10564572340379622,0.007465471660219417,0.0036756079225292813,0.0025392231295818185,0.0
11.446826023359,0.07373772018517163,0.01170265525054706,0.020715285660571948,0.0031399551732120322,1.0
9.951494321957178,0.10791084113965314,0.00565888776135226,0.00857793234086124,0.0010161714101234052,0.0
10.7960409070371,0.08774339307621468,0.012536249424316128,0.015011512978488295,0.003706311283324887,0.0
9.705993553232476,0.1135915086604344,0.015515546798424842,0.0148151454381465,0.00228173746915685,1.0
9.486770663901929,0.10145383004842713,0.01652418217563181,0.020903018591304855,0.013132028997876098,0.0
7.889628751597207,0.12625437378565618,0.012834096216439264,0.007098612864314568,0.007657663341643755,1.0
7.033376406449308,0.16570204836627173,0.004471913801515514,0.042509891669263444,0.002605489326405629,0.0
9.607657148400397,0.10179976769193982,0.010789320523784087,0.025314190148191303,0.00026491854811784446,0.0
10.08474503798985,0.10949067436127483,0.01855872697623085,0.010016240510526424,0.013125092680257296,1.0
8.070804944936814,0.12429100904213618,0.006525553638230864,0.006578756793344046,0.026583786326936937,0.0
9.94828770244805,0.10391656725572078,0.009763273708359133,0.00882207656476853,0.009447931482513584,0.0
10.080628844485753,0.09975690935341623,0.015654097407203908,0.019179836277273706,5.845417058792906e-05,0.0
6.765987990910931,0.158170744930401,0.012468535688294341,0.014045540283699996,0.002399798093430258,1.0
8.627313010780748,0.109725264684639,0.01992062529794042,0.0007624934543671621,0.006904090926920194,0.0
10.610895840603202,0.08710811205390599,0.007068522467085647,0.0017036199174635443,0.0018294889289554295,0.0
10.580588094093615,0.08980567536919926,0.006040976857036712,0.0021106431352071347,0.0004999382563748205,1.0
8.269487625400359,0.12189494385142206,0.014896501743340696,0.0072443861785455935,0.016522068994284548,0.0
10.237672075749602,0.09596806872823274,0.005216485486913856,0.018604624579350373,0.019898091739703326,0.0
11.533610838040708,0.09177241982886172,0.009212928044729856,0.016005794648348448,0.00888381543566584,1.0
11.165609438486348,0.09941423835751634,0.009737413820561694,0.0026282099721979236,0.0003806943747437606,1.0
9.857071319479099,0.09383135863351133,0.014143957893543689,0.010243293203054943,0.004939750212486598,0.0
9.29803553001356,0.10141654374356113,0.012457071872100989,0.006254103580274184,0.00417011808730181,0.0
9.055983273498244,0.09843834873628624,0.011828259656707451,0.021950629653984786,0.0009931884829526311,1.0
10.701729674364486,0.1099229579381329,0.008390276488393333,0.010735482474674854,0.008468720535875487,0.0
10.292655959714333,0.09955380100118327,0.014860016076327772,0.0038167691668322128,0.013552487387922174,0.0
10.9441060091533,0.09494885870651062,0.026103296170909056,0.00012434853298707555,0.017851649197606387,0.0
10.197810719681728,0.08809057497680241,0.012765128395691664,0.06273711316850583,0.0007386008684768957,1.0
11.228145925521163,0.089053563419314,0.010398688830187346,0.005042001924824744,0.0010905392812019146,0.0
10.14188879943655,0.10270089840816071,0.004808548116031358,0.004041577911066721,0.009997388530324202,0.0
11.17703307419753,0.087678227655309,0.0074500742027313865,0.004085013485325276,0.008460920349588417,0.0
11.306234155549959,0.09639530144160842,0.009145159064210784,0.028094015358431916,0.002886505581070303,0.0
8.79321005466278,0.13682762611310645,0.00786159903893147,0.024962726658884847,0.00485445805231076,1.0
7.287783929693881,0.1272038274798856,0.009935688661892608,0.012324877216917664,0.009325467386796479,0.0
12.31523928402183,0.07482490900473414,0.01711206430722915,0.004814824026929534,0.00013042370921311609,0.0
10.384988096068392,0.08976305556320129,0.014988667669476936,0.0015113852636672192,0.003507382184599505,2.0
7.428271156755818,0.15307960256239408,0.009364669134126983,6.0725335855752096e-05,0.013757935330616464,0.0
8.929270754171933,0.12173042579230985,0.005166880221336558,0.0055340185095944915,0.0031598799243868227,1.0
11.157811438554743,0.08865684324389524,0.015349470571609652,0.013182600285002979,0.013753269791712902,0.0
9.580484753300661,0.10468458332742346,0.009803782906154542,0.020135855451497788,0.030905878886763015,0.0
9.23190787102131,0.1014702912384188,0.0030939982975905795,0.040140305560332046,0.005887064207852817,0.0
12.10132279046945,0.08873396033901401,0.012849720473972145,0.012684098860384678,0.0037428902147393244,1.0
8.429069280424285,0.11508566599914465,0.01410274673693386,0.013518730348726195,0.02483082298778771,1.0
8.80276996336775,0.11126143644920904,0.00029636638026132346,0.004358227118001462,0.02764257746914941,0.0
10.3170797125724,0.10176413303496541,0.006701781431468387,0.015420765637662315,0.0003869133734811983,1.0
10.585682398080824,0.09305710277125329,0.009558183954769144,0.00854836104319872,0.006433863713523414,1.0
10.744514551511097,0.09133761073067061,0.01293804364523447,0.02579680012553024,0.00846650171788897,3.0
11.36685706685342,0.08804952578613133,0.007937013661503315,0.011908254007482428,0.010126452813227485,1.0
10.297867931022274,0.10348708634059496,0.006671432392104254,0.022420743642845013,0.006409615505355754,0.0
10.734075908407613,0.10627726424208346,0.01290867699872113,0.00022522742329026977,0.01363110113565732,0.0
9.611186111027376,0.10903473896250315,0.008126710506743363,0.01618385627194026,0.011079768828561187,0.0
10.09404745485507,0.10564395526128954,0.012168218602194789,0.007521047437203935,0.00672390172068501,1.0
10.161301270080452,0.09685165154368364,0.005553937380101638,0.008641685227809991,0.0033971107470277184,0.0
10.322647203728554,0.09154138918076321,0.004590667923054406,0.017111109902952136,0.022366671418315307,1.0
11.158809711374142,0.09442868400511059,0.013021076630281589,2.414632855459367e-05,0.004250770052697121,0.0
10.832718522917247,0.0935862524932056,0.011010079641268856,0.04542829616379422,0.004240765196983637,0.0
10.066325504350274,0.08865471716716275,0.013689822932944828,0.006090000441983962,0.009133206692785004,0.0
8.78631102258844,0.11086516845753168,0.007869627996314233,0.004999407284436397,0.0020378144047160924,0.0
10.101506887094065,0.098340791213323,0.0068195787900810195,0.0010661210375101217,0.004177895946835059,1.0
9.957973322656384,0.09640374798658104,0.015442875550163642,0.005972182706706655,0.005989180897633612,0.0
10.289772369719797,0.1094145302104516,0.00390816494402212,0.06605582311298654,0.0011394524884434385,0.0
13.309787960710603,0.07807287617891973,0.015005842836722499,0.03057795329528602,0.0043001783582708964,1.0
9.214340832188148,0.12112804580950076,0.015282018829929533,0.0062495929868749585,0.00893906385600489,1.0
10.63343352868804,0.09604589556967981,0.0134403580570643,0.0076504000236248615,0.013640900574261625,0.0
11.602693100866446,0.08674988306410802,0.007248769931958208,0.021133883396774855,0.04822196245371618,0.0
10.147002871149075,0.09143689619817524,0.006733904653098563,0.008480499493032008,0.0032404964486878393,0.0
13.506767678758248,0.07410765047649774,0.009159776908007202,0.020664115821505916,0.018201349083470143,0.0
9.432941062402785,0.10612224256650211,0.004819841292674402,0.01025555723655504,0.016766434259530227,0.0
10.486133833480071,0.08548426903561868,0.006153224004985613,0.056673691153676535,0.0013340135419415884,1.0
8.801791382660527,0.10881376189426956,0.012578937166036185,0.003605442813480296,0.005255072910376514,0.0
9.47271289728506,0.10287116007145111,0.012597396456896628,0.0082829871349714,0.004308272580091687,0.0
10.373400865594986,0.09964249415116938,0.005801700693860175,0.010476118623337596,0.004655505901945259,0.0
11.269456093461594,0.09207166327834683,0.0127044877412003,0.01079215723367303,0.0010245587654477341,2.0
10.478642251035362,0.09109570763840295,0.011817213222959224,0.0020566489214891358,0.010978313129673734,0.0
11.888672274002104,0.08732866942789067,0.016039545018308413,0.029058392166267318,0.019357475067462968,2.0
9.857552034110993,0.0999780937256599,0.012276545767470087,0.008547314418197085,0.025708196154593757,0.0
9.501747205241491,0.08365573453151401,0.014234324214937512,0.002963409958597034,0.014227577372892528,0.0
14.05597766091908,0.06843821413693402,0.011908310363720845,4.1274436710301634e-05,0.012631375833459385,1.0
10.591356474163046,0.10292866018375248,0.013919716438788752,0.0026346804422406364,0.002004044528225927,0.0
8.92077768103218,0.09798630183315167,0.0048515313737289,0.034492663299918035,0.0013829791089825527,0.0
8.958604356627896,0.11263540793207025,0.009513022171556347,0.0004946307096508379,0.0015077618257341911,0.0
8.585980128202989,0.13221713334989982,0.009844068927089882,0.004878468628677197,0.01662888655904828,0.0
11.404854033785181,0.08250568380119291,0.00902500021225887,0.02399882004042649,0.02063156762668861,0.0
9.453434060660138,0.10579985376706258,0.011775546521266902,0.03063320239039779,0.000998791568797874,0.0
10.191043713484728,0.08840466247176468,0.012537518617983004,0.00639376770091152,0.006730767751972103,0.0
9.904736988342597,0.1149986792989696,0.011569028308284594,0.0087040133143343,0.0013867373801918317,1.0
11.097238611911402,0.08951376077651238,0.009292224475114649,0.016331707479131652,0.011932620524926135,0.0
8.72988386067397,0.11497714392321999,0.007057079680619501,0.02294518125070756,0.0006271612163470054,0.0
8.386641570785477,0.1328816876016743,0.014388744296624937,0.018209639985468096,0.0017230069660322926,0.0
10.33644596077239,0.10200251380062468,0.01139893126645534,0.0045520115957678785,0.019563854863109794,2.0
10.901438927049846,0.08552512463913317,0.0059255445664023665,0.003935259388606579,0.006943719026024581,0.0
10.498798469646461,0.09044231334839566,0.009225249833401505,0.011929220955509169,0.014512064176740851,0.0
8.785819406354008,0.11841682231345309,0.0030268012891705547,0.0009144655212064997,0.018879341645178023,0.0
11.016227263137091,0.08635409295689983,0.010141482457389772,0.015141223420977878,0.0036029061919921816,0.0
8.884208609356548,0.09502123821651969,0.009206480229605617,0.01022174570305086,0.0005627096214676141,0.0
9.217692032820425,0.10802593429715888,0.007702132198578649,0.044603346754038806,0.006902828479100128,0.0
8.584069712916996,0.10348535856249505,0.016338400759214118,0.07171402888285204,0.00010737250848595592,1.0
11.951737522978046,0.09521915714299235,0.005375383521831551,0.022745036356585552,0.001309632476715888,0.0
10.950132311541024,0.09262385765844315,0.012825571806729342,0.0057486776045354215,0.09189663134527991,1.0
10.90749006351831,0.08527587246149299,0.018746832643727493,0.02031810278469234,0.003452674306921855,0.0
11.870817131713675,0.07966112016500566,0.01430907161486675,0.008753837856592613,0.011013303463050555,1.0
14.218973872358085,0.060462673703371286,0.009873844871608932,0.009377571274197187,0.006051803449671015,0.0
7.436160844134767,0.12315498809266846,0.00546372544230669,0.02779538050731347,0.0010493160096262796,1.0
8.892435128684337,0.12198037918305688,0.0045517512936621785,0.08820765405943778,0.0006857371217845815,0.0
9.075737373738214,0.13172198674232066,0.008353793220169912,0.028026500298982192,0.020185829174912087,0.0
8.72377056642596,0.12148799498248321,0.007251997064344367,0.08237001395875725,0.01000549300425949,2.0
8.383625128594431,0.11840506047427814,0.00712181236416747,0.04079405321131353,0.06510069390012638,0.0
9.550520403916952,0.10114983004299151,0.008694746178115024,0.008770335083959505,0.0024725363465310183,0.0
8.175094427065893,0.11331180403142825,0.009591011628457253,0.0016713954082347242,0.017474191588535293,1.0
10.50256355130612,0.11227117787014658,0.011940847790581185,0.009508564958990584,0.004481240753411131,1.0
10.077547482142922,0.09774337827476344,0.005048815122150283,0.009586844204805066,0.002176508101792588,0.0
10.721542997145484,0.1104707283219693,0.0072710248154678,0.00720282096643042,0.004317906145632476,0.0
10.76159267745738,0.10388175463375422,0.009361311668710074,0.040589002309859214,0.00119475367105082,0.0
10.904510280140014,0.07978336895551631,0.009218059226306924,0.017052411530129832,0.000832963915747318,0.0
9.439886594764177,0.10043744747169533,0.01734569482965369,0.01686300841759061,0.010555582111608817,1.0
13.181715103950502,0.07190897040304745,0.01092898637089543,0.03336866985376009,8.529218824859032e-05,0.0
10.351646674723147,0.09598788290771319,0.003545640752162302,0.06132209302174936,0.004894871649542168,0.0
7.206272871062808,0.13810002755179684,0.011672725446347058,0.05258285772231326,0.004695721402974361,0.0
8.496436381350673,0.1495764420601283,0.012182654890975916,0.0020496895738637807,0.0016366789326668716,1.0
7.389245516458276,0.12415756127857759,0.009499487887021048,0.010711400029594894,0.0056333997507852255,1.0
10.02600194372696,0.10158449966217167,0.005146413302363195,0.0235783288408034,0.01566830201132112,0.0
9.81729216392,0.1070108853032216,0.01703221878125385,0.03902228851776952,0.005983311221546977,0.0
9.297361453150813,0.10754387173052371,0.005720464345674971,0.003250034503422536,0.0019178718603318438,0.0
13.01638916860077,0.07750639557383236,0.012643088825663734,0.014069739819478634,0.006676006891172066,0.0
10.823474311115366,0.08498317066566749,0.010800202116255741,0.0023251160364674787,0.006188557850626718,0.0
11.089147542169501,0.09094975793061323,0.012403242196119081,0.009545386833364828,0.015781329705926293,0.0
8.603389768086846,0.12108719597927983,0.01682743169666932,0.054107318082829356,0.0004493784202647245,2.0
8.501282663003481,0.12075289556532445,0.01224655548856414,0.04690946562832386,0.0015908425158715224,2.0
10.055208248645432,0.10409257186701654,0.007765343091825868,0.002209493397831228,0.002946324399753027,2.0
10.259510709478338,0.10913206578903822,0.014423969100511844,0.006653938278394747,0.02333762210100473,1.0
7.215532649328314,0.14937748933687803,0.007475602199823522,0.027413091417233873,0.0017858302023640712,0.0
9.729539465725699,0.1033676741782521,0.010654232045581071,0.012324742880008857,0.010215547164058657,1.0
10.021108124310258,0.09086009719387818,0.004827665567936839,0.0006914555094788316,0.00887561375161557,0.0
9.677276251343306,0.09849190620603128,0.00586687509065299,0.014384238383026701,0.019285408425889935,0.0
8.779914381479985,0.11191259118733322,0.010205546681744745,0.0055435651176986315,0.006410150739938203,2.0
9.19069722711829,0.11102452734537024,0.011472346834323488,0.0031288963650179915,0.008028621163734132,0.0
9.734711209640807,0.09886850004785833,0.0031904375092358783,0.005255562842979236,0.005224134692178839,0.0
10.136200035415072,0.09154067830056976,0.011989149472002657,0.013418363192806537,0.0049184478672585335,0.0
10.907187373825852,0.08336907354803763,0.00672228409360681,0.05934279983468557,0.004516705066912871,0.0
11.621284307426308,0.07540116963886359,0.015118752062684666,0.006605064161886529,0.0012886009843876113,1.0
9.558478414709125,0.10267109945937362,0.008592142284701967,0.014817857845616457,0.017702755297505292,0.0
9.315765705826964,0.0954377155539909,0.005505510921800057,0.004823255612288607,0.017434627008034446,1.0
10.65648351030146,0.08662121279496313,0.010303218231837009,0.006802753837617318,0.017652434375992114,0.0
10.91626737461628,0.08876469860984032,0.006335059995685099,0.007869353788785234,0.0007735375022658936,0.0
9.348699350111671,0.09612454241923318,0.015075780565732503,0.011420901019446475,0.023748983997169324,0.0
11.185590215449258,0.09215842362447177,0.010002120830132398,0.002299478586329858,0.00897859860139929,1.0
11.46937801173396,0.09250774972304386,0.009393293507626852,0.006202342342039325,0.00632907415742723,1.0
11.93752969848801,0.08016715751962566,0.012367204075724031,0.018930250407918337,0.005951754882417452,0.0
12.667481360079734,0.07622998639158585,0.005980210243198828,0.011558762287923404,0.014042019212976315,0.0
8.700375792010842,0.11998700453566971,0.004843385378685943,0.005361633371384476,0.026362636841992755,2.0
10.020847313998766,0.09425162022028401,0.011633406317766548,0.008786118389784265,0.020993620121485736,0.0
10.01691654492799,0.0937715258727198,0.005601317167964764,0.0198012114123204,0.007877125805687465,0.0
9.852889647201238,0.11168812399516571,0.005599959385002173,0.03097948795543376,0.002209654147793123,0.0
9.026105620584795,0.1189102842520835,0.01334702412488355,0.00836277289985717,0.0034711073945931465,1.0
7.771656995153393,0.13501634997571527,0.01210025643993576,0.009792180426065339,0.00041363581655900155,0.0
10.139019169043506,0.10620971512040378,0.004984681830188355,0.025743851354147758,0.00040666674848715585,0.0
8.847466510678132,0.0964902370630563,0.0075234558282346545,0.020017603757968766,0.005877583217109894,0.0
10.128990221121438,0.11001981560749712,0.00638507377621472,0.009315233770065816,0.006217400561633181,1.0
8.80893468745172,0.1171381182599636,0.017105277192162323,0.028454136405528255,0.003401504103434307,1.0
8.350512481233487,0.12983895537892864,0.013624041710282433,0.003918984229547104,0.00028346101026398214,1.0
10.351447540565346,0.09964380253360042,0.008316620615978904,0.10250172844654284,0.00021935021280504625,0.0
10.226382290209743,0.09816977569689087,0.012304778757373971,0.01159257826268291,0.0034537861897688997,0.0
10.8689229569814,0.09000119335690718,0.004575255256276683,0.00241439991667226,0.0032765131462261436,0.0
13.278795649626439,0.07755275219045178,0.007309415395242028,0.043723638881749884,0.020938133618336883,2.0
10.415934296816271,0.09364196890564783,0.010419453063767545,0.023493253487636166,0.008473252991639169,0.0
10.727622650596194,0.09991935352607799,0.011808922996583652,0.010547879825974492,0.005410308237976255,0.0
8.383658006699012,0.1050623950098494,0.009610163497946224,0.043452954381216415,0.00243487289867915,0.0
8.069638839195438,0.11866690875660457,0.010992054042856903,0.004369060658444967,0.005917057378644676,0.0
12.37424417016,0.09517562883862818,0.010313345839812506,0.013780559688722273,0.027026866760418867,0.0
8.614780330100045,0.11040875914518952,0.00934569039191073,0.006243946851153894,0.002977049714623638,0.0
8.434083892797037,0.11632400904960848,0.008815417631236425,0.040588346617188166,0.003654669049569154,1.0
9.94135161817517,0.09373257821480735,0.008294940509288863,0.02227472587780966,0.015239121484725058,1.0
9.864711379933917,0.1041319714286888,0.010927750034514353,0.006567103417983275,0.0110791281510473,0.0
8.646240240335063,0.10904160597745666,0.011643262356797825,0.026576670922573525,0.006450248717963458,0.0
9.54254017193035,0.10324932443096287,0.010793436669275337,0.027111826575938303,0.0033818020673354577,0.0
11.844063576475156,0.09036326496628733,0.005285611799995761,0.011042040257237802,0.0008506037366130514,1.0
8.791009586752303,0.1075681547219263,0.00600428859542725,0.011194707590477075,0.0022107800336019267,0.0
7.909491273450742,0.1346637193673063,0.011595527223792269,0.023749377858032876,0.009549681060978376,0.0
11.413890431349689,0.09356931997004783,0.01588669320268351,0.007722662495707952,0.02582991613681682,1.0
10.738445367907055,0.1013238111641573,0.01060966184623502,0.045895211021011406,0.02921511488512376,0.0
9.069222069027008,0.11150975410142773,0.008353326350092023,0.0067216787583947715,0.0036118156002689864,1.0
7.626749475809623,0.16993130540176038,0.010897361821771102,0.0016518291930390971,0.00020852168349738947,0.0
8.883064965342156,0.12248288715085029,0.005452714309946286,0.01010978583985658,0.02602774949179325,0.0
9.917943344726092,0.1034822306321999,0.015235772626145856,0.0018948584792455655,0.0007358888357848603,1.0
11.748508134825729,0.07935687308703801,0.010746376578032114,0.006837055345527122,0.005157791074102438,0.0
8.445127037695514,0.11749560819450457,0.007322171147157807,0.005506111936630068,0.017287772692408176,0.0
9.87322017773279,0.11352639645390582,0.0093328181356285,0.0027889060331978736,0.012052979510511336,0.0
11.012716989842346,0.10411201149948238,0.007891855071745536,0.039036328674414665,0.004252992292797732,0.0
6.428098989817119,0.17509746460257317,0.015246679907267337,0.044699853211419144,0.006686845620023251,0.0
11.550679251908349,0.09218767258057779,0.009191039642211764,0.019426423779348282,0.009140187650767547,0.0
8.226324141690345,0.10994312525172478,0.010621462984462371,0.03435614921558864,0.002177796424690993,0.0
10.497993240185401,0.09904201019135775,0.012294905826605168,0.04179303328314216,0.011241415441491393,0.0
10.370024724416115,0.08731512336589808,0.0070369335849418315,0.01244526115438761,2.9122156724732567e-05,0.0
11.626879587195766,0.07635839350407657,0.010774837864540629,0.0034796479816415747,0.01943106515176522,0.0
10.826386571340311,0.09415116400512893,0.011097742277576839,0.0012661752527989324,0.0016808084837178579,0.0
6.434064262405029,0.16206618773492873,0.003783684715917515,0.009019683387121282,0.0008410609974360106,0.0
8.822831129266014,0.12183682367850919,0.01101078595511044,0.01195086171063475,0.025133395232568936,1.0
10.20730769402992,0.10194386043291803,0.009816951740227443,0.01680798422924327,0.0003903730425028938,0.0
9.70753017082032,0.10748811327113522,0.010519865168463987,0.005601739950497399,0.01703492188805724,0.0
10.716416094635155,0.08624622544243894,0.010142518853962267,0.008258483822572356,0.022923051122271554,0.0
11.184049833504558,0.08866529082131663,0.011036679491800329,0.003652888896135435,0.0017183133830015952,1.0
10.912677604644518,0.08122805884515243,0.015349372902704633,0.002103760301108881,0.0015927504441255276,0.0
9.678587586168302,0.08802050234252926,0.005281970351659562,0.015114604294031985,0.010029578450281693,0.0
7.23049448331928,0.14674542293338738,0.00863139065799832,0.0643857157187013,0.008952736084715411,0.0
9.316778126717773,0.10105737785464615,0.012666474515851346,0.0006022869158334172,0.016552991693435413,2.0
10.624552222208433,0.10092600141151298,0.011923703470911644,0.006855520973886579,0.02937022598566332,0.0
8.364329121174283,0.13064019674715366,0.011837622213368336,0.01056191922480211,0.016405280594077257,0.0
10.946912095182364,0.08693428400451379,0.02101430886269335,0.020857807816848057,0.010553712110198392,0.0
11.362589945900957,0.09226397768316519,0.012456542096466823,0.01171713535893549,0.00033505815584285056,0.0
10.190300464443764,0.0930769348564989,0.0145237511850201,0.025490511030587804,0.0020115348784806465,0.0
5.4043302005314064,0.1596341201863639,0.008771711764589966,0.007774790595182373,0.00043039468155299466,0.0
8.082867455932295,0.12494496228246241,0.006028350504410872,0.033143071606325,0.0011072395124959364,0.0
12.829283737834123,0.07506504607553512,0.008742730283065464,0.0009115967002905882,0.01023910902196237,0.0
9.180193310457433,0.10516177680665341,0.012847840685373616,0.024071113706967833,0.0029953496696518583,0.0
7.023785165306506,0.16674746100943746,0.011627311419316702,0.010445102794024535,0.005359804456187629,1.0
11.852871082465409,0.07467285182429337,0.011613005482395519,0.030295317870025294,0.004219125256081148,1.0
10.02003338731551,0.10290420861922529,0.00914262245281149,0.004690967719456849,0.0014968122784322386,0.0
11.657410733436588,0.07921998539041086,0.0085047895247481,0.005037332111231932,0.01939359726556015,0.0
10.415438012829048,0.10324729799248183,0.00928057102282689,0.007063186709815811,0.021164045730521195,0.0
10.687838704318253,0.09582496561959614,0.012897901800660852,0.008281636832817142,0.0118994275209901,2.0
10.544513871571775,0.09775820308973342,0.013362909712681673,0.01865445067243975,0.0036203426294537187,0.0
11.0462324678815,0.0839376862237232,0.00597503340131509,0.01672936534923677,0.00992302241401855,0.0
13.416145672834148,0.07010887306765864,0.013049370237725797,0.005222990489464228,0.0069704338481460385,1.0
11.456509503938783,0.09400775092179682,0.007397115076975082,0.015899931848804543,0.014775095527773017,1.0
7.629491023231697,0.15101783779913477,0.011875686607364214,0.010873982196498199,0.006624510618550695,0.0
10.669992272918355,0.09739204786649479,0.009232137030150047,0.07931764700684477,0.006895991013095926,0.0
11.712221152154827,0.0794659622160484,0.01626315419695594,0.04365475992708974,0.020118432872353622,1.0
11.80405120980422,0.0870452036031802,0.008327701484075418,0.047823626201783764,0.00607268263051998,0.0
9.36009252541135,0.12973551355291407,0.010714447363579134,0.009842600969070725,0.015206918465077131,0.0
11.747416667782192,0.08582546398314612,0.01242637263023771,0.004002121356435283,0.0007611708619694462,0.0
11.391613599326808,0.09867435769580407,0.006504164599508472,0.012582004814336698,0.0008005261641831894,0.0
13.858776155454596,0.06800697274754353,0.00970857177829222,0.055034472095095655,0.0029206604646285837,1.0
8.874997395627233,0.11229735999232521,0.008933660461507452,0.012216762694583121,0.010516998886814502,1.0
9.238899135399363,0.11373802278699881,0.007944746066376107,0.001278768415010291,0.029758960058183525,2.0
9.54082142731007,0.10819790007322631,0.008241107994067041,0.010447011965321164,0.014902019072445774,1.0
9.264666774941837,0.101518017139246,0.014448058392547179,0.003728283442559214,0.0015202773409206851,1.0
8.664968875354596,0.10817016091428548,0.007605797060958667,0.03931119598814306,0.002987741188579966,0.0
5.855986741489385,0.18481466620945775,0.012265631530686424,0.04413819543055972,0.030510405857760256,0.0
9.347950789415298,0.11767448274118479,0.011258380008124578,0.025675804536001292,0.009907007737868932,2.0
10.554037089549857,0.10693469428954407,0.004412079536899297,0.006764200153871061,0.0036834800481663267,2.0
9.260167231741134,0.124754475478101,0.012076677753705765,0.030901174852793846,0.0008244750327204861,0.0
12.903071775293665,0.07834008621426847,0.0043459471609692225,0.008929150341413792,0.012446088558794725,0.0
10.020063719073795,0.0973458289144306,0.01251236731266064,0.002721005289960598,0.0010161811458923242,0.0
11.936543582776203,0.09333824799532392,0.007971233427476607,0.014702869876073162,0.0007146542002973642,1.0
10.392130619094953,0.10187555027756236,0.01003346901302581,0.02404349895416798,0.001041653400745446,2.0
11.239610964839887,0.08224598929545186,0.004822880201494645,0.04557320149209711,0.008825469880761388,1.0
10.418862330900343,0.0883624032585431,0.010489529294419264,0.014496754653666864,0.0024161515507846033,0.0
12.053176947855345,0.08629584257075817,0.013707801671882479,0.01408113147139111,0.004659226473865885,0.0
10.0839090251986,0.09777142128878634,0.006772138287909517,0.0073285403635887855,0.024050922237064308,2.0
10.744181062133178,0.09287704959655767,0.007571331655423956,0.003674525624081861,0.04688266624402516,0.0
10.549499400475066,0.10328369676887438,0.011818484094269959,0.021174861686639197,0.024740385763329258,0.0
9.567571812809021,0.11106313310969201,0.011918473294587758,0.008377981641223501,0.02019488268589127,3.0
10.607473478387016,0.10485582811148807,0.0002632828063659741,0.008368374425084608,0.02896114375916984,1.0
13.351579369296523,0.06417397199212072,0.018061625455131094,0.015722844406623696,0.004316621446642006,1.0
9.594404586856838,0.1063618584416752,0.012114213934193326,0.016732326356477884,0.0054462565128159625,1.0
10.629197339279873,0.09945702887471718,0.012787674649811846,0.0047178195453774704,0.002860287502291411,1.0
11.886668426304164,0.07445619297250215,0.009425838213351932,0.021595528923320107,0.0007604542046377432,0.0
11.71037992141642,0.08103555479166337,0.0025785859657910205,0.023761668615448574,0.001283900331935254,0.0
10.017574626579048,0.09333315958166052,0.01269888824500096,0.00583332038700667,0.0003499747561455512,1.0
6.424916945563957,0.1559144452198039,0.007739247887076455,0.006609631391864367,0.011525051036306225,1.0
10.7750542279727,0.10571533129707829,0.01217572677673336,0.001863716492573516,0.005979109824175904,0.0
6.6707886120654205,0.17623605988675436,0.009124795718949086,0.00957302445201296,0.0009893468402474316,2.0
12.204905846411847,0.07676695585554974,0.01095215751646551,0.0054830442564441665,0.029722720201720516,0.0
10.25421080678989,0.10171669281352738,0.006900014474363021,0.04216422477844646,0.0059565500584084444,1.0
11.499511029807984,0.09093587536784198,0.013457555770715727,0.005737257213526924,0.0004310625328661674,1.0
8.646833292728424,0.11929175081075243,0.005246483842169312,0.033496718271050455,0.032035435770927566,0.0
7.671238790049919,0.13458494167652227,0.01898227770135676,0.056527226348907327,0.01022649938904953,0.0
10.39113157621175,0.09860302788117704,0.01895179453994805,0.0009955509193528332,0.0010474884453881398,1.0
9.949594840065787,0.11503415196644719,0.016530798341866042,0.06768823224661992,0.016913659010292282,1.0
9.262688760764252,0.1179143166578258,0.015101915943098041,0.040058936133196735,0.0014473549228476402,1.0
10.126991921099146,0.09071644390045353,0.009661806567065436,0.007622383753996576,0.0226023865901921,0.0
14.15115383804839,0.07531029169499044,0.014666186822988835,0.02785220252219659,0.02217404494400536,1.0
11.251788321053587,0.09545148147973509,0.00961529400689549,0.0017961634941888469,0.003278726697336559,0.0
11.574247908794979,0.08860338298659634,0.0037859298310187724,0.007771529745021077,0.002266575052442936,0.0
11.265905337330032,0.0971725525770109,0.01601280565612275,0.009564860326393376,0.009372922306998615,1.0
12.21919321577829,0.0830791087870346,0.01451529785169002,0.01788264761284655,0.0159955607233425,0.0
9.714892490648882,0.10459886285717934,0.009874643569378259,0.005421691576100661,0.01460940505891198,0.0
6.91785803848706,0.14596229469664113,0.005099262970675399,0.06014886597171194,0.002004184158993078,1.0
9.717120800490985,0.08756719061845444,0.0076551972936841056,0.011065681815952801,0.001635385730255141,0.0
11.217603564994754,0.08857406690660996,0.0027154176604499607,0.006218198746794113,0.0004525700998326613,0.0
8.54529940732739,0.11093160920995765,0.013780323410471909,0.014463478936422844,0.000906366055506808,0.0
9.735451074266004,0.09341626445081555,0.0035867641325432794,0.004346878796567058,0.007334136492176924,0.0
8.96234538549653,0.12514146122873082,0.011147323480586706,0.008667258775266463,0.0019801761278596336,1.0
12.253043877764696,0.0849716349665945,0.006625226608881247,0.019470143473257148,0.009773052718843203,0.0
11.124185523109846,0.08967994617195539,0.004293186220002094,0.0255716851464897,0.002622677994048719,0.0
10.977310930965938,0.08707244827490898,0.010953420373114288,0.0017975166414653367,0.005795219025732296,0.0
10.932401969681457,0.09366436508887278,0.008664802458751874,0.0020767633980954842,0.005286450304187871,1.0
9.94412612117181,0.10886277337127231,0.013352756421701471,0.04225471527714856,0.0012047931978353397,1.0
10.296334423791254,0.09090455053202984,0.004929578925085172,0.03344290231483321,0.012445404315114419,0.0
8.222223129201524,0.12157463852571383,0.006970741418104711,0.016793125371147664,0.03913965548385828,0.0
6.720337031874148,0.15950293001562948,0.00044943116603643474,0.027330865139199915,0.0014075860956825688,0.0
10.225121695517537,0.08376603248451926,0.0012626132706883095,0.021847140426568695,0.00014882819069541358,1.0
10.485985384408217,0.09492717870012816,0.017192769639914052,0.0025207708688290706,0.001311061104735743,0.0
11.813896852638067,0.08178840058664026,0.018334392976398675,0.036961929238962965,0.007495329356500047,0.0
12.357003724123551,0.08006396557389941,0.010370904820895812,0.07263780057421186,0.003249386005295188,0.0
12.35499772749842,0.07775511517796696,0.006704684936373953,0.014137454731260803,0.013004585345328142,1.0
8.502964610059184,0.11890803355494493,0.008806204298039572,0.014179816944591632,0.005100260021346476,1.0
9.471602447575346,0.12314313163787195,0.013494296809945456,0.013191892135946057,0.0019307941322090386,1.0
10.72050144382207,0.09089305085699506,0.007942443920711816,0.024641550900501026,0.001629442779186751,0.0
13.797857016613266,0.07418625335529398,0.010950535468166756,0.004925893350701527,0.009146375833425278,0.0
12.220148805570874,0.09599046480340614,0.009948975798075002,0.03598019157710372,0.005233494464875451,1.0
11.679095742997571,0.0819372309217285,0.007724749319668569,0.004394046200540019,0.0036189990581372493,0.0
9.418318066676065,0.12276510123618337,0.007895229016032516,0.016680077958849758,0.014216788791638875,0.0
8.675200553267313,0.11532020788111137,0.011173283486742033,0.002080063051741807,0.00010809328198464195,1.0
11.18336182507486,0.10311860747458719,0.006092447454450234,0.00020977697316307484,0.0005288035251936004,0.0
8.34900810364846,0.1271832076871814,0.011806917382494064,0.019458367238089434,0.012518875215118363,1.0
9.642345473529547,0.10628876226358465,0.008113684161403272,0.008395851412366262,0.01237594543409003,1.0
9.827833076497116,0.10121898665258022,0.010509469218592922,0.003928566225132207,0.015195960024540473,0.0
12.389368133684211,0.07678376829877462,0.015535850264674236,0.022684468854096838,0.04350467670556345,0.0
9.467954045560484,0.10626178985587016,0.00932723181909219,0.0070114954765177085,0.018161222152716715,0.0
6.341125542141077,0.1694381413977539,0.01367921736076797,0.012868573978944297,0.011174220729794335,0.0
10.756666971493702,0.09286813825194148,0.0028318685764646863,0.008772918884462267,0.007063598822575928,0.0
8.95146722034411,0.10891938271799531,0.00811854794543762,0.018037488355402732,0.007126141491147423,0.0
10.063946536656621,0.09739094981679523,0.01011075448430429,0.0075684540938465855,0.022973906764232246,0.0
9.869942948736815,0.10969012389346394,0.017693322716825836,0.014264956562179921,0.0018415967162434663,1.0
9.589444006273348,0.11501991468913966,0.002160191666960439,0.02122464510603688,0.015213596444921268,2.0
11.185510872677057,0.08475493453591547,0.009615160552428892,0.0069722657417755135,0.02816841751013443,0.0
7.700702682470939,0.12309503117324541,0.01582675540366505,0.004305815412188962,0.011073150471759108,2.0
9.22447866256846,0.11174766269216359,0.006859918378932512,0.015598254594505463,0.0028090416659305112,0.0
11.026056869676072,0.10248296260031199,0.009148644758297318,0.005946964676360372,0.00981603951341861,1.0
9.078872836983448,0.1207212846096094,0.011326955940222158,0.001802683302381872,0.01286649235099031,1.0
7.586789936095043,0.11924718616417833,0.010738034214891121,0.01163099500026159,0.0023295522568682558,1.0
11.002833014885104,0.08898576516165407,0.016263081901817657,0.004640694681175886,0.005346595087869782,0.0
11.684641945662309,0.07944235539663674,0.011793895240292928,0.003449662914626687,0.0031500515906456375,1.0
9.93250718853549,0.09854776404265202,0.015311091582056877,0.004121962523329834,0.006666041102401754,0.0
7.058731602295701,0.16107058789521048,0.008559966570760354,0.0025076024695600612,0.01100193276037067,0.0
11.058954620048224,0.0806974320990352,0.007037898354998814,0.004689572709763194,0.007425647303441794,0.0
7.510168177870468,0.11697827059472961,0.009097107227921458,0.04120154429064951,0.02719510991212667,1.0
10.46319891527225,0.08944346155406221,0.005363587626529593,0.0055185145084872675,0.003179140833824932,0.0
8.668804262886761,0.118038313510172,0.01193404678484038,0.008376836326143083,0.002532774111033757,0.0
8.260241071349553,0.12722560045991768,0.008456487548979017,0.02378501638937617,0.0011345832718822645,0.0
9.337134974380465,0.11091361959531439,0.007312844400090099,0.02421826128855265,0.013004494526846653,0.0
9.72505366535911,0.11296801250505317,0.011994633638484006,0.009825033044666873,0.011566035578230634,0.0
9.033687624420327,0.09613445385430404,0.005425136888102846,0.009324441973540848,0.006236481046894002,0.0
10.883054917322726,0.10104997709635195,0.013082008855423178,0.001925626310975906,0.0004667694782097815,0.0
9.33089593231175,0.10452817121575282,0.008086650446034557,0.00759323043723477,0.0033406334195872985,0.0
11.470286307507733,0.09243585379928713,0.014636385776376735,0.022729896129204948,0.017989321110427652,0.0
10.421759748465218,0.08631344165679987,0.008429049687081731,0.02164844169908811,0.022851057331675244,0.0
8.953664190105538,0.11173041485037329,0.012527638666231697,0.004216960407613504,0.0012111407032536926,0.0
8.701090174251572,0.1171211202840174,0.010718249495091623,0.014428228065317506,0.0003557685583457539,0.0
7.5287555514288425,0.1456906588956797,0.012975607494857946,0.0027369944789204003,0.009880758409051713,1.0
10.436099766800234,0.08440815178557608,0.010439787568590509,0.0006097464153767593,0.00021142702112004862,1.0
9.468118679122963,0.10587776375026636,0.003346410350627025,0.00041325242335865604,0.011153885948576695,2.0
6.4417067079047285,0.14232923552589125,0.01403517415696853,0.00015657400102724365,0.03325124595755411,0.0
9.1964276908459,0.1132253236994852,0.009649268310168371,0.0004295400968592431,0.0033901974852061983,1.0
8.648448956117573,0.12304530347139209,0.013158064309419251,0.06011251465439988,0.0015527058218675212,0.0
12.363516388255992,0.08965589820764049,0.012760985907475427,0.020185558041518975,0.022324372662596566,1.0
7.4458320821600354,0.1286761134705024,0.006906814075954633,0.011533797281265476,0.004607245496701968,0.0
7.837973800398919,0.13740778543038049,0.006340818379298813,0.009469540850005637,0.02144715579157168,0.0
11.66495446465855,0.09558715069821032,0.012621420405796016,0.01102215960525841,0.005346845466404133,0.0
12.035144736195946,0.07285450892195412,0.008787003882357945,0.005983846083115909,0.005840116656245318,1.0
8.882525591911538,0.11823296319367625,0.013745717117865989,0.029764693605052593,0.0025948175032996282,0.0
9.051871265786634,0.11927892681761372,0.009287196228547907,0.05250101897141224,0.008745638421883386,0.0
10.92435309482997,0.08966339848354161,0.014093639109793152,0.0023975872324708703,0.02038056210730126,0.0
6.509350304582035,0.139442696786136,0.011693217936836408,0.016832562419397294,0.008938828021203962,0.0
7.208209473241666,0.14960091149032695,0.011151899974856595,0.043873095781618306,0.00040957492274217456,1.0
9.578899898723932,0.09484384672296604,0.008503955205038903,0.020120339454310385,0.008483231712708785,1.0
12.32483584919369,0.07998753123028265,0.010929710456246067,0.0002724469793412824,0.001151346213947417,0.0
9.346404867749891,0.10665012224276459,0.014771410859810838,0.010098921950717307,0.02262634100531847,0.0
10.151405187602732,0.1043119767346055,0.009783138165346721,0.0002063057922756262,0.0005641279254257667,0.0
11.700683908846019,0.08128629753778077,0.012124697774735422,0.005781649930926346,0.0028626630642336944,0.0
13.160327099917218,0.0719363573674009,0.010185440304998825,0.04069651464854219,0.011326461642013523,0.0
9.134727290277532,0.11034206043508847,0.010498416170981687,0.017134655438992837,0.016808233840180372,0.0
9.97474491439986,0.10865852072485115,0.016893643027753195,0.030091417904942894,0.009270105651148509,0.0
12.733082832014263,0.0943062745085113,0.014806920124158206,0.0051836392458973965,0.0002092811306000852,1.0
7.716701087212858,0.11486641340593125,0.010317615260782873,0.00872158282189659,0.0074396668900511475,0.0
11.541371605830733,0.08885843894100039,0.010857816351744137,0.03092924328339682,0.006797573929697535,1.0
8.472526701458113,0.10820241661260743,0.007192517985796124,0.0018451829035126123,0.004618345225402203,0.0
10.153708550654734,0.10684948535500575,0.009308113814940188,0.0006637143874464166,0.004383102200011855,0.0
9.636071428899589,0.09627014189916482,0.011237591150194461,0.0008727273225047971,0.0017279323827275748,0.0
8.562982598948157,0.11064588291285941,0.013402454358276512,0.013144486867445222,0.049068410002615075,1.0
8.525347108512587,0.11189600032430415,0.012996883587643676,0.03140259486544609,0.024385953944777904,0.0
10.414621546380632,0.09543530918235991,0.0055629637763819585,0.018431749147581635,0.0160598307097319,0.0
11.493308992244023,0.08928612024813745,0.013907930922714525,0.004695333406890918,0.00942444631192141,0.0
9.805395695217245,0.10600842532631273,0.009644905282489789,0.012840542648422743,0.009760508040787529,0.0
10.105169738099825,0.09891359854818682,0.006052034577289848,0.011286412591474358,0.0019254155834524255,0.0
10.856761099436572,0.08281224761169528,0.015345538949727688,0.04763346440797126,0.004600445043183476,0.0
8.54257184048056,0.12407870180668101,0.015853115986951813,0.008358790873500863,0.02214772599068052,0.0
11.109538762619385,0.08963218818593899,0.011054987929362641,0.005001365137693413,0.019789210852031683,0.0
11.22901464558962,0.09772848187184098,0.01283517440762094,0.005588503514111148,7.998441323004451e-05,1.0
13.905439448125616,0.06795570431815243,0.013069796834977727,0.0032480541121972144,0.01393786014385017,0.0
9.435843714160626,0.09322889465289758,0.015583088611249005,0.00463865738436642,0.006903404492275277,1.0
9.312877297497808,0.10708630527691974,0.0129122741017269,0.04707587283268646,0.005829147673177195,1.0
11.153448807360618,0.09945275764631757,0.0046892468902457254,0.0014602155969743768,0.006839818597718171,1.0
11.228656253368207,0.09021191784171653,0.01803923099588451,0.031177383931169356,0.013095693310998012,1.0
9.197369269934931,0.10700378426558758,0.014262627557920172,0.005388892691318613,0.013355765249842458,1.0
9.395255984604926,0.0992778652330235,0.007961903178908943,0.012941504724610264,0.016570349086884113,0.0
10.81169625732706,0.10645773600945471,0.005881499710570361,0.0058049913733383505,0.018446633907161655,0.0
8.758623638898008,0.10514583566782337,0.012019253721616335,0.010050613453946597,0.004545508061358034,0.0
9.384199017977478,0.10055415308256427,0.008886959846529683,0.0014333700964597488,0.016995946465642595,0.0
10.134389151052652,0.10327790976573517,0.011319981415995837,0.007069168474143458,0.0018296414408480043,0.0
11.493908027233386,0.07499762643816568,0.012973627365113054,0.034126994497990344,0.007671896959369127,0.0
9.09310207573069,0.12177881649936362,0.007734232448012818,0.03432648712313026,0.015832586524719028,0.0
7.236423306953992,0.14526558128515188,0.005535568029262651,0.002865030617680027,0.0014221785238871423,0.0
7.125103798722684,0.15081734523876997,0.011543273871487913,0.013808529704883842,0.0024267948191512424,0.0
8.1108803999408,0.12892079459134786,0.007866448578892106,0.022959842201509956,0.007095270975214899,0.0
8.030248422700094,0.12293428364446451,0.010584383142929593,0.025625348488434552,0.002602940984602688,1.0
9.768083862070137,0.0940271020138386,0.004626694252150941,0.002140167097464088,0.014503889411611157,0.0
8.216679769603592,0.12034745738733259,0.00899126910210145,0.026173958768834903,0.0020775797850509353,2.0
8.945867560268194,0.10339376634857284,0.012859807564159987,0.002922015628332111,0.01844664680667883,0.0
8.838871172526925,0.11762346298092599,0.012423730030587188,0.030241227575919186,0.0035192685725717655,0.0
9.339238208728009,0.11421389687556496,0.0068465681165069256,0.014395554137166809,0.027223770730579886,2.0
11.983756497284684,0.0939110316143378,0.005326942522727794,0.017211069690972833,0.000472690776630759,2.0
10.992921384145776,0.09371376983854213,0.010063054759007168,0.0018915674384883394,0.0028787186093841865,0.0
10.024194122914006,0.1074171362008592,0.012244131188077635,0.05279839248759523,0.003439768392439397,0.0
9.308460579128743,0.10490550302140882,0.011620700560770204,0.006584644313809386,0.02595935604586543,0.0
9.350151015065467,0.10293529772613974,0.00795136062255476,0.008612817845745482,0.014364096811106166,0.0
10.491619704927924,0.09899528424332033,0.011191297769946413,0.012907157975332493,0.00885628825583989,0.0
10.876253610028435,0.08914422861930786,0.01600942188510398,0.02769238436152111,0.003869450799241385,1.0
8.6385737408491,0.11827975802365191,0.01082057874923611,0.006134162424424394,0.0012882037163428563,2.0
10.054721133421348,0.091360901655273,0.00346740825672552,0.02918773156530589,0.0007957643581941334,0.0
6.95257064700546,0.13403669368400464,0.01081280135240257,0.0063928096658378755,0.012582878936740116,0.0
10.317570676255896,0.10197622422793087,0.018175827884850435,0.0020029667123395087,0.009417185636568043,1.0
11.14322386293803,0.09633762004057782,0.004850436747537618,0.01829096912449759,0.0012445274489990205,0.0
9.579897059678688,0.09647037234535598,0.010118898647316089,0.002488698306398137,0.00899487460511253,1.0
12.724790494210158,0.0829180131000091,0.009094658267871463,0.026950335967727904,0.012251439132890023,0.0
8.678142328845924,0.11042415848779821,0.010383531837100257,0.0009887322866138184,0.014901805232272051,0.0
10.326160622954891,0.09696936962229809,0.010777008612615088,0.0025731102599745106,0.0059361394439541365,0.0
9.946262880001067,0.11260813292671978,0.014559887944251698,0.01452486384792968,0.0044033680581576085,0.0
9.849553498834888,0.10830248872014045,0.010339133145603243,0.024183328714407107,0.048953747919333414,1.0
9.828516747992879,0.10843349173016938,0.015109038228848189,0.05764492279027457,0.013529864797018638,1.0
10.160657545014207,0.11465588620197432,0.009529377364854071,0.007996076923283005,0.00937228077443174,0.0
11.27193811519555,0.08385831489295495,0.008599452904101468,0.028602440682614538,0.002864293046066308,1.0
12.066604354412117,0.07658824571924372,0.007323268067845577,0.01372892131397402,0.007091297002224529,0.0
9.996624633243764,0.09441859153845304,0.0027316518835193886,0.03373162787801607,0.013794237349096865,0.0
11.22297410825745,0.08730714098311938,0.01110312564770336,0.04256374948682956,0.006091237541972193,2.0
8.947349580599827,0.09257636557048912,0.01821600115388737,0.008066003009401594,0.002542468190795969,0.0
11.148933179089349,0.0882185453565096,0.011832941909143446,0.02364519602837717,0.010675928761289314,1.0
8.857012714259515,0.10809171482599368,0.012746989416646717,0.019041688932410678,0.02672855669661414,0.0
11.635989904132199,0.09150130069095505,0.00834787469994218,0.039313299554187976,0.03334302072531644,0.0
13.31596131608986,0.0772452491850644,0.009022666434905317,0.0031624089270661827,0.025603668625925065,0.0
9.816874168042911,0.09708596177213855,0.013938565953333048,0.00970392368645477,0.024057404735789843,0.0
6.7111847637888875,0.15620615548289057,0.018034774561159282,0.0028710559089765086,0.0037965584234473655,0.0
9.177890600132766,0.11544785171019085,0.01595179174318728,0.01832676698864917,0.00988981045074072,1.0
11.847812701433956,0.07937062578013217,0.013220978518912088,0.00039218282286940535,0.0035842159141547454,0.0
10.829615180537868,0.08876822957274047,0.010140602317562036,0.005296741886177616,0.0009643348747565662,1.0
10.373370398012545,0.08067947777775138,0.010838875657069294,0.019927070368632713,0.00350509131238356,1.0
11.513002533932259,0.07960090238236535,0.006985970722286983,0.01627888077517538,0.002306272331487612,0.0
10.726680158872632,0.08784936649842838,0.004207329914789372,0.011937189482985992,0.015831732183713053,0.0
11.826587781176706,0.08505842510072623,0.005492806568960236,0.024812294717773895,0.011752270044011174,0.0
11.379135514970478,0.08147882773568152,0.01019920013808775,0.0065037960141814885,0.0019742794467988976,1.0
12.282550679105437,0.0781397983378106,0.008832030954293291,0.0042203438424904295,0.011175546112861921,0.0
10.538194125859382,0.08603228487496577,0.0041222331811212615,0.020844987307182983,0.0008517480789892192,0.0
11.357889102240932,0.08925806790802036,0.009850706483801056,0.009674753362953233,0.017479020739474944,1.0
9.539309390371322,0.10846107519561883,0.008726278702136221,0.0014085378883894831,0.005962386289934104,1.0
9.097808782661492,0.11351226757504083,0.005308604578863679,0.0017799030178498913,0.000819230213206817,1.0
12.560151460628461,0.07969564561411831,0.008519283957519719,0.00439522493578122,0.01734054416946738,1.0
10.324307014484033,0.0856242399381843,0.008716187997134623,0.008686176338052807,0.015259865111052687,0.0
11.207320848793568,0.08490999166854384,0.007533451440302133,0.010723199678661605,0.0017726091353558813,1.0
10.185610021617086,0.09503020640232103,0.01370668065910376,0.005882631195908973,0.024536358673178563,0.0
9.120226523620053,0.10616526800546369,0.002388393751626752,0.004979685059875761,0.015433700192247877,0.0
10.016474338873602,0.10043619046150859,0.0020568040371561156,0.0027224945356185324,0.0038266433055901185,1.0
12.153991026651571,0.0922166770582915,0.010013143137796367,0.05926509630001639,0.00493733443817061,1.0
10.832860111419135,0.09850810788130508,0.010384508757569223,0.000998013014995024,0.0005914948127736498,0.0
7.432790260404311,0.12431920957400382,0.011616860544075893,0.0081482076560193,0.007798773676951804,0.0
9.677133315135768,0.10909966221258587,0.007844105966883624,0.010177318858266785,0.0007448656093620022,1.0
12.673440689057069,0.0830523348163348,0.006328304779630673,0.04467941866237697,0.008230878750793176,1.0
9.679304707225066,0.0968612759672864,0.009970735469220211,0.005225390654987406,0.00617475304238069,1.0
7.299281962398729,0.14662650494004056,0.008233687458608016,0.005471104048784094,0.006556745868121965,0.0
12.839573328133815,0.07689132645996613,0.016204285618622777,0.014069199066371815,0.004879055489763747,0.0
11.02358876471919,0.08103827628949477,0.008703091000299232,0.019524759252231783,0.00011824043395358671,0.0
9.8949807117808,0.10480944241310622,0.009787259393131688,0.027063488641776906,0.003401128531917573,0.0
9.442873395876898,0.10775411363834936,0.019901672558391773,0.03219732104364141,0.004421976085945932,0.0
11.623527894687603,0.08447957235905983,0.009220959093077253,0.012081768182157228,0.01996523616561824,1.0
9.187024899660711,0.1085235153227701,0.012224627460796363,0.05086647403512874,0.018832471412712628,0.0
11.722384636773983,0.08053792648363996,0.012585237733545413,0.1098238528471968,0.023320166158206427,0.0
10.813292928586383,0.09710467450493479,0.012925606574872859,0.00636209059622179,0.002599826848662063,0.0
10.367022888231025,0.0961249911815047,0.011157949061645009,0.005611041280015651,0.05721255976924538,0.0
10.218272208003393,0.09917576459226538,0.01077536317764204,0.012671975628907057,0.015817235865654266,1.0
9.737547944928734,0.10567171900680263,0.010401337159348465,0.019242706445680057,0.009187783385777899,0.0
11.568460180313899,0.07881520891270949,0.007696024391064907,0.00034654939816892327,0.009244925890187099,0.0
8.701985751847248,0.10698208497211179,0.011302075211357074,0.009305921151651495,0.006708439133169165,0.0
7.567112309754686,0.11073591168431769,0.018114583349698368,0.020808519052055205,0.010544067455817707,0.0
10.921660184338712,0.09579271798139356,0.01484272763585423,0.007460313058667179,2.718034485371046e-05,1.0
10.946857492100722,0.08290754315634476,0.011215672088898548,0.03731777992461513,0.0005177644343815265,0.0
10.72036172876765,0.09427499191128222,0.013423319192423962,0.0059471919604341065,0.0013751937843537291,0.0
10.611592554427059,0.09707533205696006,0.0065232963650773915,0.002256582437937596,0.00545340762054179,1.0
9.519189432493679,0.11023713349912054,0.008957951383201126,0.0040653694669819836,0.005432767951176018,0.0
11.181224056578287,0.08122296097830775,0.013791399376736221,0.018790217344771428,0.008543891850114489,0.0
9.931662809868188,0.10016455988597028,0.015948668773832768,0.0003647891064859748,0.004689700956783902,0.0
9.269329658777233,0.12330570133649445,0.006916535311618488,0.004746516262225646,0.0168374862549131,0.0
9.5321630316169,0.120328895643993,0.008065646762307371,0.0033689773459955968,0.003915316899043075,0.0
13.030959548163748,0.08304753017658614,0.018725503175514146,0.05595005798217572,0.009108407331153626,0.0
7.397535876931851,0.13887965613668893,0.01038504499907589,0.018759649164452462,0.017097877885425748,0.0
10.749682156443699,0.0858387538060681,0.017293447890801516,0.0023591184868000646,0.007147316841246835,1.0
7.481334358564425,0.1415755989703203,0.01082742926910317,0.002351430784314166,0.04557166534270709,0.0
9.83764999251554,0.1003733486212612,0.01098472112930174,0.08611022768856724,0.00275218497612254,0.0
9.349558772268718,0.11186227073128131,0.00877803644936041,0.00709502638380151,0.0007921173527408931,0.0
6.872457554980183,0.13832500675558695,0.013770220566040915,0.0013722788796756702,0.002087220554815653,0.0
10.583556385650645,0.09318801487838596,0.015431110201216,0.0003084022617926105,0.014518709896644624,0.0
9.429942906711705,0.10744692724300384,0.005859991079436532,0.009681679643494867,0.004199715336338765,0.0
6.851190486158134,0.14886429148671526,0.008590197791118253,0.0004730269623824877,0.0018338193525760406,0.0
11.259352136161379,0.09239325811254698,0.013660314097496882,0.0048192485590659775,0.012434119550996405,0.0
12.152509266983403,0.07856167677731439,0.00948180544886269,0.00585255657250806,0.003300200710035518,0.0
12.235186513444859,0.07340386432991114,0.008026458125867159,0.012537271092800699,0.008361382528531462,0.0
10.538434660977206,0.10806242444115916,0.014038168615477607,0.0016416412689747699,0.030522173993195654,0.0
10.069087207865673,0.12119799790735263,0.014413812818850045,0.008539291241926813,0.006700989036178123,0.0
11.992234931343695,0.08642608885726884,0.008201431637311445,0.0007163847600675516,0.004779956501687194,0.0
12.523575378010147,0.07182431108025794,0.010849466111951783,0.03557145919355314,0.010691349126290032,0.0
11.700353054313437,0.08034104633671947,0.005166100816383068,0.006379495582864339,0.0009952839355880988,1.0
8.5876935966553,0.12128637480337406,0.006418076358085204,0.016953763817822896,0.019654199864543982,0.0
10.302017279822383,0.10806196357953309,0.01049666092853352,0.004043870128319536,0.0008689512243942775,1.0
10.659274216437144,0.0851397221171968,0.010125627150319375,0.020081083754880283,0.002030151395400763,0.0
7.285574546624156,0.13589905258286236,0.006132495633077462,0.018134346132538046,0.004527630200234841,1.0
10.704040989431162,0.09489855808012249,0.007136104301097698,0.06156516613658808,0.007892977700480207,0.0
13.409487738969084,0.07991463947453369,0.005739822520177762,0.014913301821054903,0.019621433819079253,0.0
10.959904248701188,0.08876777112873158,0.011820239427652843,0.015940399021531455,0.013075357766326292,0.0
12.210119622162635,0.07226825927096038,0.0021294432132324004,0.030663855456224964,0.012722345595946958,0.0
10.274372095193058,0.10228862100827668,0.005953691081759215,0.07378031536241828,0.0003123256864252965,1.0
9.890172514024268,0.11063067123717495,0.002548233808670716,0.015320787643172,0.0006664170422846228,0.0
10.571907085121463,0.09396738501238085,0.011676082415431922,0.002385979276870497,0.0017102518486814921,2.0
8.776260028023351,0.1176982486417188,0.002789065799781194,0.018048089410576153,0.016552313023073605,0.0
8.554337219148417,0.11254549604786789,0.010126916794142161,0.005302419510443631,0.0019361976163572514,1.0
11.899456835754048,0.07853942282993868,0.016558096062989695,0.018090635185014817,0.02804331787047651,1.0
12.058513514299777,0.09002599007424351,0.016693735925083608,0.02602983236182457,0.003155708633740757,1.0
8.513340526618974,0.12116103637906434,0.002776369723284716,0.0030748637627751748,0.006055639190579978,0.0
11.451998206830797,0.09081464274160699,0.011193638406523824,4.409679866958077e-05,0.007870774783850286,0.0
9.869560036590968,0.11425916143753179,0.006044114814478182,0.011780523764447881,0.010970365470198726,1.0
10.509712861735647,0.08745007229829002,0.005227455857158968,0.008979844472124132,0.00041591653489604397,0.0
10.690327959152595,0.08950135581194732,0.009546120182439704,0.0014968483548244741,0.0019794917834069854,0.0
11.491525702186477,0.08812709894132285,0.014913164627732501,0.018410271045492786,0.009212112118262592,1.0
10.124077302794783,0.0944144130120535,0.012398635496881433,0.02439917253724011,0.004459359643847365,1.0
12.115242992952904,0.08787732348155476,0.007139436286068477,0.0039326243679251496,0.0022752555558180794,0.0
10.464119259639887,0.09414264664680831,0.01282013598964001,0.00016458843407373105,0.01131293859318709,0.0
10.936276408704298,0.08445909042602413,0.0010251666724732829,0.020849470295163187,0.0007749398483090013,0.0
8.75010611269413,0.11488724688610022,0.006988216806267039,0.03737662205481038,1.5684529863699528e-05,1.0
13.23798851605725,0.07657661680092816,0.0067044338211949975,0.020066323087407516,0.018123740144287973,2.0
10.70473738480745,0.1006695584164593,0.010313282766955725,0.0016374237691411547,0.0009235969822874306,0.0
11.069496138017648,0.0932247571931888,0.009188688145360002,0.017974109141375576,0.003230843461870143,0.0
7.587721283182688,0.13674469814840604,0.00943411562552046,0.010210770533536615,0.03223391682959987,0.0
8.765946965381348,0.11703863123092491,0.009301121879575446,0.004132651976807268,0.00322718167786113,0.0
11.856825531878096,0.08307915111445047,0.010089628963956349,0.0033637258468115143,0.011655022724109568,0.0
10.430336677438907,0.09053524311331271,0.012160523867832895,0.03407649011348515,0.0010802386019325991,1.0
7.129330397756611,0.14354449121509355,0.010597324104409531,0.016821892124656405,0.003513672045228315,1.0
11.557434893475728,0.08424897088285835,0.008862592733581767,0.006433932812481835,0.018680525129754797,0.0
9.184325793470915,0.12464164445108131,0.011606993119219129,0.017509424195169317,0.0384550606990775,1.0
12.116975478815068,0.0918835910342917,0.013304494174611055,0.03492730339862608,0.007902085445958761,1.0
9.86824648209445,0.10659751854775307,0.007775896437109483,0.013522531701833556,0.00943237989962492,1.0
10.307060029030795,0.10000333485527255,0.009762389077309298,0.01677110802665114,0.0068988392338888765,1.0
11.768431867887472,0.08437725491743978,0.014647626252186345,0.05395597558496221,0.030872376763301904,0.0
8.653760543718006,0.1044670184914018,0.005588957290930573,0.017878433136759665,0.0062460826416969595,0.0
8.51072978824909,0.1154842094222891,0.017218808785023777,0.0024911330729174555,0.002081762123715265,0.0
9.705252369402839,0.10387622657737043,0.004643380101041698,0.01598451679109695,0.02352045117215548,0.0
11.240759199431833,0.0906100750328837,0.008618541555181054,0.0003706388006211825,0.00831588221336576,0.0
8.003684121079765,0.1297249237579604,0.006199240012495952,0.01199393386190946,0.0037474624824858672,0.0
7.497948100166355,0.14357137500613937,0.01875170798747751,0.006289213801928425,0.004329856002386646,2.0
11.235581390565688,0.08420862079864846,0.007986599884611393,0.02473229982685656,0.0022254443729027118,0.0
9.095532531149495,0.10409728223957466,0.007996635373885869,0.008279077473753949,0.0008158523531430901,1.0
9.411660980619576,0.11932780418977024,0.008517005040240324,0.05823983042090169,8.770258421823224e-05,0.0
7.214784397089751,0.1474223353238299,0.010382411231575801,0.027769853011322114,0.007826815930285646,0.0
8.981531028472027,0.10791277292397417,0.008686232884381955,0.015230495814748968,0.011799328975522659,0.0
9.988649055053274,0.09925864625320666,0.009468452781510402,0.021728126502087188,0.008144954314173732,0.0
11.395566786434339,0.08703529811790871,0.0,0.0021698014718434092,0.0059038578034916545,0.0
8.843154750648042,0.11336781396451467,0.01022863934400731,0.009745726037842673,0.020568322583324132,1.0
12.486064180348745,0.08317582739952459,0.010071226485946579,0.011249638414442212,0.017710299973123147,0.0
8.973165963730299,0.1364988424846419,0.014154275189649575,0.020056396620150546,0.01875754245915779,0.0
8.975362297622238,0.11312037338079965,0.015236243793117608,0.010280259431178152,0.007084290178585238,0.0
12.306036327846703,0.08568461009523208,0.00924916775443281,0.003937775790179758,0.01877075257151895,1.0
10.317190228545876,0.08469238433201302,0.013264916326695821,0.018547389491499196,0.017835905004107186,0.0
9.171962906482635,0.10487948811652083,0.005593724878220774,0.0002699302105920061,0.008009563496736564,0.0
9.76730030322911,0.11295848665568638,0.013069369370784418,0.0007569356219654126,0.00218974098958228,0.0
12.02961036631309,0.08584723412820537,0.007710096803461693,0.005666773549565528,0.030604462560635065,0.0
12.199304229438523,0.0576994240957046,0.005261210127479781,0.004790141429900216,0.013026366329977616,0.0
8.774810231094616,0.12027634763479102,0.009257645287183798,0.05520546349946816,0.001592914847096954,0.0
9.936349284881338,0.11733214423394417,0.015601889788791116,0.005717966161465451,0.010121311159167878,0.0
10.13523524150136,0.08410488758616755,0.010724022146923386,0.014919584533045833,0.004691634168028429,1.0
8.520639834225104,0.13253077161919802,0.01598595259071352,0.047384261998016076,0.0063640913007687394,0.0
9.91647242102501,0.08078582954239641,0.007005069144736784,0.012715896431241346,0.034798528250798245,1.0
10.00798429067755,0.10770672143686563,0.01419140441819196,9.440309504693791e-05,0.016208828216581355,0.0
11.710314218405104,0.08533574168737133,0.007391359851052218,0.00747820956052968,0.008988114236888027,0.0
11.8111375424668,0.07015553009803917,0.010901314685956813,0.0040869946650568785,0.022572318314890674,0.0
9.506185902461487,0.10901697137879497,0.01086673131463766,0.04037974533507634,0.004928213669358181,0.0
9.679070284208782,0.11327931775204605,0.01264596693569669,0.0049349192111957565,0.02060544612247043,0.0
10.996438453083453,0.09362475227528215,0.01100296247964531,0.011346349994538946,0.004516579101370754,0.0
9.122217326609483,0.11487316279789891,0.007043261848712731,0.021350624383467718,0.0013235597632963736,1.0
10.882960227606103,0.08890984740371487,0.013521227808370256,0.017632853275602104,0.025282472237508465,1.0
9.868140268946178,0.08731590948477895,0.01692662637730158,0.022152343257335453,0.032192459127698934,0.0
8.545902133392069,0.12367442593209749,0.007664786310975526,0.008137550735426225,0.00366584348650924,0.0
8.56474493068053,0.1343006900484147,0.0026590716942198707,0.0020847638440223723,0.004888425728783257,0.0
12.170588044046653,0.08993610936936887,0.011997278273415155,0.0011625740820387766,0.0001279098341758114,1.0
9.765367781285052,0.08734650163272276,0.008675278423791405,0.010303284035526257,0.004765998717345668,0.0
12.460531140847467,0.07109361902359336,0.009475588576178815,0.019283726114370184,0.0160167179381679,0.0
9.229545608927635,0.10125762807259531,0.012224711022924047,0.05787725585048374,0.00747803469876686,0.0
10.43680780169724,0.08435030908513176,0.008174430280697606,0.008429549830650286,0.022619406501364906,1.0
13.589015084527363,0.07384946175193959,0.008924592114625315,0.006992954621880444,0.006585834576480055,0.0
8.41391988300508,0.12265077385486427,0.009599521932253654,0.01103891878855132,0.02242935099650518,1.0
7.153278250150335,0.12468172225047171,0.015879015751940066,0.0005563439291569497,0.0006118404981409156,0.0
11.92988519693085,0.08919981295953666,0.010120278416454326,0.009712169915247695,0.001725281419498052,0.0
8.75978634191039,0.11978183902154475,0.005057305676740159,0.0026889882964124708,0.017790367774923103,1.0
9.968940453840649,0.09600768536073802,0.005216486075435539,0.0011882706960415978,0.015913207695522534,0.0
9.121122684322623,0.10813285632248323,0.010556919686638406,0.01436353305315456,0.004704910148232593,0.0
10.402244171432974,0.08224886715393953,0.005482287997236084,0.0074346717698379,0.037097996409572086,1.0
8.574195689221387,0.11356974198040466,0.003750786052303357,0.013746326510146236,0.017128950924976242,0.0
9.73008986817504,0.10283471026908063,0.012542143963736043,0.015337248056332254,0.009740239366778657,1.0
10.674722989834802,0.09495247252963167,0.012737993611474579,2.522022725363731e-05,0.005675764049732004,0.0
8.487536670588607,0.12144562339486026,0.008527453864424587,0.027834388448794354,0.007952229846197369,1.0
8.949873955531167,0.11393808301910731,0.011174637164606836,0.008498046718899836,0.014940607792995258,0.0
9.478925749602203,0.1032896100695043,0.010752486576782003,0.003557105989021117,0.03555210850382973,1.0
7.856776848660583,0.13022639322753687,0.012409677543876342,0.012919762251035909,0.005206718004753462,0.0
9.36615852580188,0.11567850123081123,0.012418999615759197,0.0032570869200546884,0.0009665909824075701,0.0
10.178194809854352,0.09750150022861666,0.0,0.04470468772493375,0.023898098587522246,0.0
9.400676587617358,0.10911269052099981,0.009038004166070424,0.0002885648562124124,0.00033669552357776077,0.0
9.592935260602413,0.1027023169206309,0.012071616752712533,0.023831947657489118,0.007982165445276952,0.0
9.970147493640122,0.09524182542881433,0.008358173635843942,0.02618133916005078,0.02927860889688576,1.0
9.016384806351528,0.11564697087084236,0.010144810557039308,0.004632626817854482,0.010146508364262154,1.0
11.036593848800315,0.08667112110504842,0.01300279992671231,0.00491870913563618,0.009522446022177805,0.0
12.153967187202664,0.08485902898064407,0.01032370093300865,0.012821131625338765,0.0004857671417684759,1.0
9.303429411706826,0.10773048755085211,0.016031677668939467,0.0009429673763539292,0.005230203864096297,1.0
10.72779734721656,0.09097659258970502,0.014507945009124484,0.0390147518200147,0.010401253515460179,0.0
9.640574266848029,0.10104067659340787,0.009525743388114264,0.018167961591750614,0.04269370176859887,0.0
10.548231017557757,0.09102620478987655,0.009207815317100885,0.037024468357864694,0.003560735404235255,0.0
12.348669296804882,0.07099027367703473,0.0,0.04698799044039878,0.009290577103935051,1.0
10.762989314527148,0.09580104117284442,0.008693991212437897,0.027043995715064204,0.003982243049863583,0.0
7.339878191785479,0.13878927527833584,0.004586924429157894,0.005290689418142034,0.004686054166226481,0.0
10.680993447170438,0.10020950561556381,0.01088491816800249,0.006070596544564729,0.012191880996980488,0.0
11.849295614963514,0.08088030152493875,0.010611482844480007,0.02185073181165296,0.006480935951012005,1.0
9.667605745002845,0.12037420748577424,0.01278342302410711,0.00010773055508596828,0.02216070024412811,1.0
11.493452209176748,0.08440265876447178,0.015586681887792764,0.005895659537708108,0.001493365087147043,1.0
8.964826688272082,0.10400487081196982,0.009894922281312127,0.0018722098651293207,0.01697363115202219,2.0
7.771691260716589,0.11883936166864571,0.019121665247692786,0.0027194289332678058,0.0194749843593771,0.0
10.21175352824896,0.08524266940978055,0.010929805780879615,0.0035888725224034706,0.005768043111618425,2.0
7.365284918880529,0.15348268750514302,0.004759134425133468,0.0006866449555135094,0.0012065919752117342,1.0
9.640343480659613,0.1157559310101477,0.007751712499559521,0.0017661323094539472,0.003817028817463692,0.0
11.930263393968254,0.08794719502687415,0.008509013198768713,0.0013768191996131542,0.0002774941774669321,0.0
7.1353556413805785,0.13045209614854025,0.012368508604613516,0.018222212578659042,0.0035744906783794564,0.0
8.080754806129153,0.1430467369580927,0.0062110003990827976,0.09372255019839545,0.010946031259390823,0.0
8.451951632257634,0.11503315244653012,0.008808096468762416,0.003274887148266057,0.00011622810886027992,0.0
9.90502021043356,0.09880927648631281,0.009355838876815653,0.05813157747622772,0.005869088783615486,0.0
9.451424821530686,0.1186965813581822,0.008207516769377825,0.0040503571177552536,0.014025318614153825,0.0
12.098704572544131,0.08712725394496633,0.013245661526718874,0.00121005863606962,0.017022951968103703,0.0
11.431522493637546,0.1043206010335757,0.012565285553861424,0.01961963805071884,0.0011359929745320394,0.0
10.742909419102897,0.094955381398245,0.014666268540415837,0.02448912986926732,0.0013042157473268747,0.0
10.218445471515826,0.09480274346201305,0.008675899275555203,0.0014863404192449405,0.0017407231979925473,0.0
10.58984466547724,0.08991955136256777,0.014810110270591608,0.011049620112943907,0.006913612288672768,2.0
8.707026467029937,0.09907382162351677,0.004544011656091817,0.019551989664573683,0.007326929280148418,1.0
11.285815530334919,0.08665380632194832,0.004446462796040572,0.061956699722004425,0.03452636589283684,0.0
8.331933618461198,0.13152897766074712,0.005144793255635147,0.036246913214704475,0.00678891042247033,2.0
11.253065490853347,0.09322551340282381,0.010036846770528358,0.06441791159506657,0.0070360073253406315,0.0
11.779213753178247,0.08503334619409364,0.014809512466311023,0.01923241608174652,0.005664627664383974,0.0
10.31629690313213,0.08951763590017887,0.00759143167744148,0.008321421412520541,0.026301227639960904,0.0
9.735680411557036,0.10459623855557613,0.008093226380142251,0.00019671071221214669,0.0020699729142028916,0.0
10.60046486246451,0.10229722232000801,0.00913592817876265,0.03174161174427677,0.02297703554443485,0.0
5.70772244484899,0.18134344993367552,0.01229131249355062,0.001138627776078091,0.0003277434378332446,1.0
10.453387327728192,0.09694734736632757,0.008089498786581705,0.014423916735109349,0.01971110852692892,1.0
9.82996900324029,0.0954462141153132,0.007866332168333994,0.0009752932138812067,0.0032107142411192434,1.0
9.924057830414514,0.10800396408802435,0.004618418946569238,0.0038163652892341214,0.01152483458165038,0.0
11.059798769346742,0.07037837847148741,0.0077131155552915154,0.019050868472890205,0.022186855839142428,0.0
9.887846617652908,0.10427968278069995,0.014709847011741332,0.006570478814548909,0.006949767948505581,0.0
8.289689715023263,0.14817122012829026,0.010363704033913908,0.006756540578864574,0.012125657571014475,0.0
9.787895993761932,0.09055332361135747,0.0070405819590083395,0.02023424031384614,0.01627296014075234,0.0
10.101333226121236,0.09710358592909603,0.014944575890915739,1.5150444434417293e-05,0.022781367764090683,0.0
10.172400867371518,0.09824301401858314,0.007659145991759251,0.013990706709187851,0.006659718337590359,0.0
10.242879050927602,0.09408192229005498,0.015679822317929863,0.019383920572299037,0.009154457729150139,0.0
11.55905356737783,0.09399073652696213,0.015614427911600403,0.013070166439397403,0.014339436204357563,2.0
8.370948170448779,0.12406234233534576,0.010224046505498675,0.07273829583789253,0.0020283325309765517,0.0
10.263550684247274,0.09862654636892991,0.00400580189051325,0.004240358491523731,0.0012860903188493288,0.0
11.934894547927362,0.0893061772530005,0.019158002461383022,0.004480630318145994,0.006506201991635747,0.0
7.398082754594207,0.13535141309160453,0.011549104225058185,0.08227148312891056,0.018022093039497835,1.0
10.269470021170081,0.1255832669249461,0.008704451901117639,0.003948385522300886,0.004760279897626516,0.0
9.121932247040435,0.11096128790132412,0.013824511659100223,0.022410990920586123,0.029827752382376525,0.0
9.443934423290342,0.10755530403340545,0.012809211148085389,0.002850972090248129,0.02357718737274593,1.0
8.642788745178366,0.10090631709143491,0.015243753399545763,0.0028984009286056375,0.008628265272363444,1.0
9.745673926449333,0.0982441558073514,0.007350608845280415,0.00840465127613403,0.00771130490594019,0.0
12.761883421640356,0.08589130683890484,0.01127389365109757,0.0022209690502930732,0.0073811083377919836,0.0
8.103354458234179,0.11090130086472562,0.0052565190790202524,0.013388299659773785,0.003174471636764687,1.0
8.245584996281758,0.1020510113864672,0.012665337582964937,0.00026109845348593075,0.005742748642436777,0.0
8.047098144754743,0.12459007759922307,0.009908218521491251,0.016992604789448394,0.005756247076057406,1.0
12.591127429942151,0.08862574986310275,0.01112403702194725,0.013836458426685879,0.006168296567542615,0.0
9.30649044171807,0.10781682513082877,0.00941460110463812,0.0404052484604016,2.268595150787762e-06,0.0
9.961541409478489,0.09772266239541468,0.008996044717646555,0.014415709350198654,0.0028113168532064073,1.0
9.39582558834064,0.0917264464621735,0.006527075303941144,0.0028146247344237353,0.002181861042213563,1.0
8.583365682395362,0.12079676454099811,0.013161720858736934,0.0013539632724866681,0.02308690584856378,0.0
9.647274030078346,0.1092874859752106,0.015958816146965753,0.004480859869341411,0.0017110584769096892,0.0
13.68736540860484,0.06335434582727609,0.0077733265643596585,0.010417436908008067,0.03103012638442762,1.0
12.088106381461383,0.09058565338598844,0.01221416201988438,0.0008661202045832201,0.012305259178256192,0.0
8.720593273311591,0.12191494744465335,0.01172873449864097,0.018516801787122634,0.015116835278721855,0.0
10.971361154592529,0.09978842634146878,0.010032391245395435,0.00833387553099881,0.006792757200242639,1.0
8.752715841000436,0.11971013180387786,0.003893617066541133,0.003513590514151372,0.02929681685214972,0.0
7.335448541730669,0.1436430402762426,0.00479361059555763,0.008475162818217283,0.003365057963171576,0.0
11.529266376496944,0.090425313607747,0.006876072195393718,0.023406092824038046,0.002598846938232903,0.0
11.740139269965326,0.09130626338685785,0.0014439811057122744,0.0010402558710977353,0.0050031424117844185,0.0
11.569078376571849,0.0747327768525185,0.01563212291962246,0.010884173461500581,0.01030911444634031,0.0
9.295202126170642,0.09540892787465767,0.011470812916718854,0.002090763567932546,0.002709242491749803,0.0
9.74983639899702,0.09670103848899919,0.009880155806403513,0.025667964691618073,0.007724022337516172,1.0
11.124648330487185,0.08896174522871533,0.0012390567229286862,0.019779767750895565,0.017326887505775802,0.0
10.587244056022161,0.0974321606208343,0.0027045165799183986,0.03172323271695965,0.007726326974314268,0.0
9.409543793054434,0.10907168644856997,0.009990634447252168,0.015385822200975445,0.006002764629538074,0.0
7.571392269822753,0.14442304049788654,0.017881959861935907,0.0145299868202638,0.0031544091292282817,1.0
10.170812791213018,0.10778222708362373,0.007205423216507673,0.027896988315924354,0.009222276129658714,0.0
11.61851445885417,0.08026748103818439,0.013455192057649753,0.020383711056696428,0.004201481296437889,1.0
8.203617566448765,0.12424633209281748,0.008080390369300156,0.010185419801221618,0.006820786160791931,1.0
10.958139072513966,0.08527201136913955,0.010220957037155467,0.03370644793746097,0.0010631907096971137,1.0
10.49731254270054,0.09383859573992663,0.014858735395571726,0.0009943595449236201,0.010524012900262699,0.0
11.1252223948485,0.09222984439499822,0.008616193479333824,0.05568336553934516,0.007063378566165126,0.0
11.30796324957851,0.06732631179257137,0.007239580367791467,0.00416918522770041,0.0050483897863575836,1.0
8.958302137111971,0.13537843605434002,0.015672282216499057,0.006175788683115517,0.0004921094993124577,0.0
7.574560899752581,0.13814068059358472,0.010182231284454382,0.008360225590350759,0.000989295208150801,0.0
9.199720711475681,0.10364026273905601,0.014364820362344651,0.0055853523412093715,0.009922340071813616,0.0
11.33369097629051,0.1029419325101709,0.007259004426461252,0.005498777860834376,0.015889991136464384,0.0
9.186994144711043,0.10586577111195698,0.015626696835843903,0.0048786120393282326,0.003869727988745425,2.0
8.958935014213537,0.11281005441165323,0.011094509098138444,0.0269926010418266,0.0032732744348413444,1.0
7.267974487113042,0.132331266555184,0.011739150504858634,0.015138252190077063,0.009185877783972616,0.0
12.628971331826408,0.09037079394275056,0.0105265172457167,0.015879899741161076,0.0025817103555357437,0.0
11.238570462137965,0.088235100542886,0.007978100072013994,0.012613550652022267,0.0067929297458881235,0.0
11.154843971912147,0.09072565444112818,0.009993268758020113,0.019432154958893933,0.0017851677633106877,0.0
11.451588080169211,0.09615191935090545,0.008229639048042536,0.00039572114247102773,0.008735279134127538,0.0
10.865062542315103,0.0964489705198781,0.013838184250579142,0.01569681537902939,0.014059939070508112,0.0
9.633506717230706,0.10335401450479513,0.009187771331725351,0.0026206347255642174,0.015910626719687633,1.0
9.754353843816698,0.11204189046218897,0.004013971088824402,0.02404330257565457,0.0019442611204118889,0.0
9.358653453111813,0.13091293959754857,0.003282305060042865,0.0005296465828747072,0.005666541509652033,0.0
13.9521111316225,0.07351704488043709,0.0030931273907183025,0.03584874220050031,0.011948446968162107,2.0
10.833868046949163,0.09316936150074091,0.012471883030215765,0.05102643441753249,0.0012282482964240027,2.0
9.304299337972848,0.10895433591944904,0.005393982754506223,0.03460031384694646,0.002491977799709534,0.0
10.69824516124942,0.10380456147918465,0.011200343103354268,0.013615079355717905,0.009098613633841094,0.0
8.483696623215524,0.11235608775777448,0.010546298069965654,0.007368158749063432,0.01976339351941198,0.0
12.25676007788384,0.07979112209554766,0.009741165620360892,0.0008123708860334822,0.005707874182178904,0.0
9.008396356289289,0.09816038986714988,0.011753620813529478,0.009164840053162796,0.0031583045295070474,0.0
10.7516281489337,0.0846046010570764,0.010633214148362106,0.0177752104005447,0.009143391844616124,0.0
11.598966444614701,0.08271618450107693,0.0,0.00539699797437014,0.008637360710870482,1.0
10.577152816307489,0.09412126831078584,0.00870549903660604,0.004656837081828975,0.03996900634437243,2.0
10.141704987729458,0.11359344660297926,0.011700412536253724,0.00870388829410274,0.0011970303232668312,0.0
10.016203127284022,0.1042123463082862,0.016561131243019993,0.006015854416382397,0.02633738601654123,1.0
9.91533835466934,0.09375697960914052,0.01674583046632999,0.003054501050325869,0.0026200529176718225,1.0
9.134952266608746,0.10327639859918274,0.004547397945658974,0.007573161845507974,0.03906854646910797,0.0
9.325774855345443,0.11969575127505763,0.008601098802748907,0.002037181392819588,0.02656993104927501,0.0
12.219385560476402,0.08955566935293308,0.0037355407451680088,0.015930284886240625,0.003189171837674401,1.0
9.837195050972266,0.10188417788455484,0.016079540300440332,0.01861623231843791,0.0021605473468354905,0.0
8.82130559592584,0.10941886064726575,0.014051424832594204,0.0435483660601742,0.013886077344914873,1.0
9.225553604707738,0.11860192368369929,0.0114023515474527,0.032999063227930524,0.019743631820540973,1.0
11.650556021045835,0.07927598162230771,0.01066437944504084,0.007572649952929161,0.008160435418283507,2.0
11.013409949746718,0.0936911837063353,0.015522524401397897,0.01871966942692797,0.004007488841999431,0.0
10.840493767348386,0.11063975276740709,0.014845300779040557,0.009999686272035218,0.02370463160934617,1.0
9.613718201635313,0.10574099660033813,0.014632178786624483,0.007364003157469609,0.006669261931963878,1.0
10.860043705259418,0.0865408175404411,0.011826719439129038,0.0004384741788536034,0.005683220548496783,1.0
9.034658312574027,0.11437890556917382,0.00860308680194335,0.0007276454179035578,0.004248062845801327,0.0
9.610578952981339,0.10021221780972493,0.01306849932807023,0.03964427412968598,0.005729025736716097,0.0
11.454706731087619,0.07808713337302503,0.013264167621020458,0.017124082752552817,0.01369907399813388,0.0
11.311416518378596,0.09350600268501989,0.00923745012163216,0.012682648550172452,0.0008097156175961609,1.0
8.527135231073796,0.1282432142385006,0.008595004324663034,0.0441702340873682,0.015625720198905915,1.0
8.716710320637137,0.11190394118342942,0.01453325307823284,0.0035636232610447164,0.012945416392774564,1.0
10.163053229220115,0.0954705204420544,0.016656464435078427,0.014180078536023875,0.0016910980709746461,0.0
12.589198562004265,0.07355186902678913,0.007002416876340935,0.01862272577027704,0.010044414492751568,0.0
7.126652253296509,0.13864529491059474,0.008946493298208102,0.010058824666781565,1.1561845356580154e-06,1.0
10.417499409355756,0.0917693882540605,0.011403732305818792,0.01609577481145815,0.016199475518780218,0.0
7.935935002640278,0.11621843541521298,0.011946395990994443,0.020834827471503902,0.014781480493394355,1.0
9.048503509711681,0.1285771867909971,0.007910534563034824,0.004073188058852434,0.014379895291334556,0.0
9.453357372903637,0.10980485538442603,0.017534082521376178,0.003368436611386318,0.0003247019297977733,0.0
9.369237484844664,0.11173334373541934,0.011688381062180685,0.013524223723868807,0.013382872422285405,0.0
9.199306090511188,0.11666413764254484,0.012125533633882211,0.012699419942294314,0.00018484546643234522,0.0
10.010810590564555,0.10624764131777115,0.017035536326047016,0.010901590115842274,0.0034664074562457616,0.0
9.197116650054133,0.10519507203457944,0.00820375349902164,0.021241945792632375,0.007259194330959253,0.0
7.806313922718771,0.13092525728583407,0.009646272494230888,0.015241555528718568,0.004560648385678094,0.0
11.169804418784164,0.08762082840166346,0.004986711083913485,0.01825082181999228,0.0009050129612345188,0.0
11.129308250723321,0.09306055007637258,0.009310598110985687,0.004314295399973236,0.006251957992912583,0.0
11.264761465034002,0.0912324961522973,0.004044289904258549,0.002550762951934696,0.004018752197662704,0.0
7.688898255603878,0.12613653793041746,0.012991397416772688,0.008047365524151898,0.00716683241134874,0.0
10.448377228876225,0.08605311345214464,0.01167998700027997,0.007083701679242708,0.015523890899017803,0.0
11.013968283710385,0.09186222794798418,0.00889172277184584,0.021053888400356307,0.002230559488453598,1.0
8.453196897340622,0.11638096826966805,0.009598305168728609,0.00952570738421006,0.020225842990326728,1.0
10.013759872273194,0.0858468903464109,0.013045865660755962,0.017231475466836427,0.03202570016951665,0.0
9.825600032034451,0.10599341744834885,0.005456815652440408,0.02148345144865012,0.0028012928782421,1.0
12.763225987852396,0.08464064441112455,0.010816671469810094,0.015970891749669768,0.03126352790114324,1.0
12.886744055518859,0.09499503305117961,0.012798039225834978,0.004883117003038678,0.003223070524617781,0.0
7.503465410004699,0.12916549772602548,0.002870903690371033,0.008442485327797202,0.012024651292048858,0.0
13.740890508591985,0.06970570959788594,0.012739752022808078,0.017048050000936916,0.010426930331482768,1.0
8.627161418270013,0.10606860118852936,0.0033037501469537324,0.003386639862009269,0.016369592344969888,0.0
11.471009941491138,0.08864358383554705,0.00952962206459387,0.001684352970043084,0.006409969850848832,1.0
11.455746971295596,0.08871679437480914,0.005346435583619095,0.02121368502957611,0.007789203728234624,0.0
8.50646465973729,0.11017005753263907,0.01572498631716006,0.04344063091356915,0.012221592153241747,0.0
10.739901690758648,0.09181676928957301,0.00537151578339061,0.0021888865532653187,0.007387672884118845,0.0
9.838699383600904,0.0867593765281836,0.0033992404321384695,0.002345941824447911,0.00020917743505183013,0.0
10.831495006948586,0.09942537116545327,0.010533408566385263,0.01002990034741248,0.016509403820504177,0.0
10.346008453570938,0.09087638255439291,0.008345188079916709,0.04883407436867712,0.0020255833715601894,1.0
11.79450922805537,0.08455047280526033,0.003981579085344268,0.013209416083627966,0.004024415805176704,0.0
10.113099314719094,0.08821599183559796,0.012103260796619398,0.0473776572412327,0.005464562979477864,0.0
9.748188895860533,0.09791360199643513,0.0020340037502012825,0.00022228827054871801,0.021351597474019757,0.0
11.644096349585771,0.0839808407265801,0.0058550361096675,0.03583746552799399,0.021583063402160773,0.0
10.870593947287905,0.09190823840089413,0.0076991269183168615,0.006019569691938071,0.0011719468405022814,0.0
11.097720091481332,0.09363405850049261,0.013208889568620562,0.001231168038957742,0.003010939826854279,1.0
9.003119991612104,0.1246251089700062,0.015181873468052609,0.02094286784073208,0.022541343977306876,2.0
8.432105827902289,0.1257537477775849,0.014411128989310292,0.005030134665406762,0.0005096175202017089,1.0
9.148416785120947,0.11805464459563232,0.009386904838151069,0.02252922640840021,0.016320605734085954,0.0
9.068767921479116,0.12379255163601408,0.0002907670208193748,0.004084518746792712,0.010409467905760913,0.0
11.179298902979372,0.09362225793582456,0.011563412084874235,0.004856414969509494,0.009905304677222214,0.0
11.463976075441078,0.0869739892433355,0.015882294956898454,0.0009598424380171543,0.0025121513275833244,0.0
9.7673045657014,0.1109903979223121,0.014935161631254273,0.013005054447378706,0.013022660719830827,1.0
12.146378528236529,0.08970844932677507,0.01185179603897488,0.013669734709149995,0.008806281243611483,0.0
12.052704090647694,0.0873874347702369,0.00524198894264619,0.0016361880241168838,0.009825412954757634,0.0
10.365098374600809,0.08587912929532635,0.00789877198548634,0.006083078855134835,0.006936480349126008,1.0
8.76716234268544,0.10663643838544141,0.0177352575949827,0.0049804912168001265,0.010279291359813661,0.0
12.36306497415331,0.0791269523267582,0.004333081861343465,0.020819474289824693,0.009183600403920482,0.0
9.908473973457388,0.1074187354839605,0.005408635087398457,0.019345297675368012,0.010245937186378099,1.0
10.189247794646462,0.09797521504108835,0.013770206204661137,0.027939576768747892,0.002919193406320982,0.0
9.490592461590147,0.11539992785393034,0.008275363020777889,0.011958656208526958,0.0009732363690342197,0.0
8.665314510554204,0.12820698011937126,0.005272979511181513,0.03018924540652508,0.024547459413086267,0.0
7.797040854527062,0.1411671476171527,0.016111884714892062,0.06022782826006019,0.023687181962528246,0.0
10.949302485335933,0.10057691617722161,0.011844223912580559,0.013042031446525893,0.0023850341935055448,1.0
8.824898419155069,0.10429450483089352,0.008472795342491287,0.02244585024044839,0.010264340413377536,0.0
14.589296843495235,0.07124167370074246,0.0054169006564019385,0.033821472006071295,0.004302157980519098,1.0
8.370889626081281,0.11379434060445295,0.018189626255439753,0.014847233163237468,0.029959075589112268,0.0
8.113926287527946,0.10801262218016924,0.00990219272501357,0.015588353325961033,0.029036528880387043,0.0
10.765208073420162,0.09077992120872275,0.015589312249877977,0.026207052330447848,0.011404901392248075,0.0
12.293970218450943,0.0904344537368809,0.01357453417843776,0.011070776554753825,0.01074873851199981,0.0
10.096884485414833,0.10275913251185911,0.007916393753347064,8.733135611067881e-06,0.0052835099548635646,0.0
10.85836363028091,0.10822846442874595,0.007948235540040876,0.015486660174124011,0.007651667412127911,0.0
7.234678873811935,0.14019687946358483,0.015785259591735677,0.007360967858349896,0.005855601836628699,1.0
8.98373268146235,0.13539061395801788,0.01585006933047991,0.002368513684647625,0.012748734725331856,0.0
8.38957640629365,0.12090038544493382,0.0024923360955170625,0.011049227703179062,0.009152754977573709,0.0
7.157431225078178,0.13996642235498807,0.01219912104392877,0.02876072207130697,0.0032298569893279634,1.0
10.17547035103583,0.08871456806249499,0.009515140781105522,0.0020831114830850974,0.0018389511124809958,0.0
6.63575856758435,0.16470027530882644,0.005866707348245976,0.002849754551897087,0.003997101861123932,1.0
8.016706050868827,0.1198280319654593,0.01104698437886879,0.004287307495322271,0.014665260004997875,1.0
9.194209308979874,0.10327730012493452,0.0046016128360544225,0.02295994084306291,0.01933711672963723,1.0
8.753071246073386,0.12657678065599726,0.0081341785814156,0.010174475877789685,0.008581448509762368,1.0
10.594612753310601,0.10355133202803196,0.00680610506892013,0.04553723763761557,0.027223064268246118,0.0
10.45837028785372,0.10468090741408549,0.008000834943376006,0.004674104077809886,0.0028198051704946517,1.0
11.340698118903186,0.0856596708222979,0.009714086025352037,0.011579504404092791,0.011494882144382376,0.0
11.128575599069016,0.08949305559744963,0.005937733352378054,0.05015944575503401,0.007450303205901192,0.0
11.711219184042072,0.08498031489503177,0.01629271611549319,0.02665417711309018,0.007867360187048632,0.0
9.997122399986418,0.10649089002869556,0.011973132933576502,0.004822756477587679,0.0018585857390457736,0.0
10.455200351225004,0.10830387748673648,0.01717825211352822,0.004085581424435094,0.0032091931275427216,0.0
10.767270552878786,0.09565002668840772,0.009359680123687921,0.0032106766285711266,0.0027450929075963676,0.0
10.212485046086538,0.11467884505046223,0.007804840150811563,0.026635087299524098,0.00891511428876105,0.0
9.40420853512439,0.11424822880363912,0.017033662457972113,0.0026484919008986224,0.00485345338361229,1.0
9.501336198490344,0.10328982649834578,0.00768776104050406,0.002819939993858588,0.012353442027027173,0.0
8.773662402505051,0.1217899532817934,0.009286831912043502,0.02175696643525583,0.007499251943291208,0.0
10.632425244864745,0.1078047999554915,0.012880189641989259,0.055523154711697525,0.007435269839574024,0.0
9.858977238872267,0.11901338463657063,0.005049096766810887,0.028084095830406403,0.00113336568894956,0.0
9.005239374044853,0.1221072828485722,0.0128451787391746,0.009290480686368048,0.018340271075060005,0.0
9.00663277101311,0.11125756901411614,0.01233338826465841,0.00169549496309987,0.009810378065778199,0.0
8.184401908325817,0.12008378196186095,0.01507730127215133,0.014394295009017373,0.003008589910928929,1.0
11.4682620118558,0.09130973827525113,0.013560178012040564,0.0063393011330044186,0.011050633767175612,0.0
10.117926504297682,0.11299736350400456,0.015199913411510283,0.009780013108119146,0.005093018956437593,0.0
8.705799970640095,0.11892194362035917,0.009558312397966359,0.01894116379231555,0.00042658016321291467,0.0
11.212821624403027,0.09248624375597904,0.006549318725171758,0.04394482410995379,0.03634920296728144,1.0
9.15932678530844,0.10962817650753602,0.018439941656333447,0.017825038300453847,0.004095812797771909,1.0
7.890249059481651,0.12345741677123198,0.0038932175379121324,0.039082998095129357,0.002788436331349903,0.0
11.5318334338287,0.08559896419956967,0.004293947684504769,0.025105895543383105,0.007278749542951341,1.0
9.194354515650831,0.10994713965530409,0.012260512162035326,0.00952571113197955,0.0015060772073828025,0.0
9.386651364686816,0.12223124069632109,0.0164999441927094,0.01848002512946353,0.0017453323826293816,0.0
10.061770030523766,0.09749831347255747,0.010758203383656661,0.0039361378298002365,0.0013547775039775038,0.0
11.713883834185172,0.08572885393316719,0.013997214798808824,0.0028036668339304093,0.007166691947596678,0.0
10.030055936299467,0.09303156901177584,0.0020167890901121657,0.026650822074562618,0.0009022942876729731,0.0
8.201324310782155,0.12912618722138425,0.008001820151275452,0.012568069550940232,0.004723274661021136,0.0
10.81581550616827,0.1031392638917762,0.002504208771426963,0.0017216190077551335,0.007806851103354322,1.0
9.272515413607413,0.12281269796437286,0.013121643832914639,0.001786126426094461,0.009017410443582194,1.0
12.8318859572942,0.07920910681445445,0.003811074693643942,0.021072430622945365,0.001925520295367252,0.0
9.998320417003164,0.10471962085721857,0.0048887246158694116,0.004671543732347032,0.009149655080033087,1.0
6.647446753152001,0.14859707065894848,0.012056100819845612,0.015003846788836353,0.0047620700194505065,0.0
10.536047458233512,0.0990073712604166,0.014247297408070918,0.0032554360806261243,0.012457963895287838,0.0
12.916896688390342,0.07938712616092342,0.009364127567083134,0.005102736021896296,0.015275651440503924,0.0
12.363880432818085,0.08125863368716875,0.012280690016434039,0.0027774158470417545,0.012235114899233037,1.0
12.746431433134848,0.07932269104655947,0.012151152667492369,0.03133977256211369,0.004019288611099775,1.0
8.470359721927805,0.12240510586238293,0.009138292562230112,0.017753569977433274,0.0057726638578513055,1.0
11.368228593965169,0.0859186213640062,0.005621178068455005,0.019610035673305742,0.0003848742034045679,0.0
8.917008190394933,0.10999061565754056,0.01225956562753857,0.015387960647620047,0.016947479481248657,1.0
10.336434099125388,0.11090448053998507,0.012452382763100331,0.052524687520014525,0.0028592321932079884,0.0
8.0905713568904,0.15353056486298264,0.013576097612361036,0.01232099415081882,0.012102544782149883,1.0
9.033316352675925,0.1005330333619701,0.01124826569631559,0.021177385975175843,0.00543120507967277,0.0
8.985629953954577,0.10062200316836661,0.005326000346082695,0.059340564130460675,0.002592082880578111,0.0
11.347832920213925,0.08162668733704148,0.01276136064547672,0.04298483260910875,0.003725790951167208,1.0
11.201078682504484,0.08854245204953141,0.009994475679086635,0.0005781542634275556,0.022622504964765637,0.0
10.415229593996232,0.10314632393639914,0.008069050222706629,0.021545464737234742,0.002802710337535596,0.0
7.974367872916922,0.1314758431420562,0.008821456651225152,0.044778439228745366,0.02207021468979137,0.0
9.53254084907542,0.10635754370443984,0.007238971286438481,0.011730201456017572,0.004083029626575133,0.0
8.880825275585911,0.11746913680745844,0.013555375115417715,0.010640522472309958,0.024937307512587634,2.0
11.304513635041737,0.08369559132427455,0.004327541065679919,0.009943220015368457,0.011302349554897052,1.0
11.767277279225777,0.08333785518138197,0.006026056260774327,0.0363698353400392,0.012608408824536625,0.0
11.584578379046324,0.08618300078788099,0.008684908461313222,0.01054441457645942,0.00389368708894313,0.0
8.86717087087447,0.0993513126442745,0.016455003392956,0.0035581880414643718,0.010820327426067604,0.0
5.890700316565781,0.15469811502023345,0.014217122196371395,0.005275743082298948,0.0015966368700044192,0.0
7.349557152804918,0.12438603734197531,0.0034366367870110985,0.028802476526761916,0.02603210315836337,0.0
12.132440467123313,0.08761927793520105,0.015405388355009944,0.01849535885431997,0.006782476005989829,1.0
9.398117591020265,0.10851346448535469,0.015397680867934737,0.00990214916433337,0.03829884821788916,0.0
8.873913072602331,0.1183355600340495,0.0053039666959094275,0.00037687958873608874,0.003348723159994664,1.0
12.463990440154351,0.06925110888135848,0.0,0.016495989601793028,0.002173777626232596,0.0
11.89773991823249,0.07464335352488968,0.009711113510611031,0.0020559145904440277,0.020476099922065796,0.0
10.03667308287968,0.10506369876273657,0.01448969763719929,0.02002005447782234,0.009201237334774485,0.0
9.559895363404038,0.08375408334677845,0.01636504787920081,0.035400378366782455,0.009274535739653382,0.0
9.801848180780311,0.11252266520247668,0.006516690942555,0.014642003198024695,0.03308099102467765,2.0
10.340744197581198,0.08357948275033884,0.01700791641865186,0.004015949013217145,0.010128379125663221,1.0
12.400070921979413,0.08627334433332357,0.0010882704167331954,0.014531431889541766,0.003158353490325671,1.0
10.63370113635584,0.08758766686787912,0.00852779754468285,0.0010662832827910398,0.019135906704309345,0.0
11.089043549558712,0.09807279636398075,0.008331157323137012,0.02644719104607679,0.001401053381675486,1.0
11.753905163605257,0.1099716507776172,0.014609348099697213,0.02807093857418816,0.002973418107098335,0.0
8.245485998463371,0.10111264270273128,0.015193209863759119,0.017902431644017676,0.0011154675643217642,1.0
11.132292838711065,0.0949675544789437,0.013816894621733581,0.01518557315603202,0.005232574855805124,0.0
9.558146868007583,0.09053245415603145,0.004597799805016422,0.007820208832337286,0.0110394710823549,0.0
6.2258572063408515,0.1661989651818347,0.013450476127195687,0.008076447555527746,0.01116244987404062,0.0
6.807745687021282,0.14448164428947255,0.012036167874373968,0.0018103164257427648,0.005369937964233902,0.0
8.472823582721972,0.11925619151609808,0.0033150624588816372,0.01594843904564671,0.02580671865502402,0.0
10.796834842888872,0.08610498915465907,0.0017319446847932525,0.009545510751230134,0.005631124874150267,0.0
10.170699348010444,0.10465692234200259,0.014151957160083104,0.015839285474026455,0.030981142333700806,0.0
10.276550060763496,0.08666256769871028,0.009279602796083022,0.003935490857120712,0.01205639240767754,0.0
12.926415224030038,0.08543991245074006,0.004859271630180499,0.028900901366585217,0.0022416873184572675,0.0
8.096365577710282,0.11953389694331427,0.009167312285164927,0.027902429575339026,0.0076292550809504145,0.0
9.958849968724415,0.08975452328772925,0.011456164324452811,0.00206368980213742,0.02076578935226009,0.0
10.456653284220723,0.10864783402013571,0.009668595493329811,0.01858733896103501,0.01230287407270287,0.0
8.895590325192497,0.11181125001202759,0.0037920553874956544,0.0027309964603287667,0.0003409229801257389,0.0
10.04249011762441,0.11599430016865389,0.01754222761425644,0.009782023866854846,0.02192612483128656,1.0
7.600075998873482,0.14508293177992188,0.014016871875951568,0.07523299110513726,0.007080659540075918,0.0
12.114859325912542,0.0774374783617917,0.008658490193306131,0.01908116829114011,0.022589729860031955,0.0
8.97757817120435,0.11063383232521769,0.008819621376390849,0.0007447678851409372,0.008407276762905798,0.0
13.047100247167755,0.07739114809513466,0.011437949578852705,0.009555993347923676,0.007810651608946566,0.0
9.951288514123817,0.1135402606365141,0.005481514417038673,0.02100612386699085,0.011946914430739948,0.0
11.542080348098775,0.08972569459856682,0.011290705746147874,0.007299455138310825,0.004712634679301211,1.0
9.920045696513268,0.10223776815083331,0.004677070252556937,0.004369359338946545,0.0003427830549299029,0.0
9.953884251609205,0.09886962469670516,0.009717863132619336,0.008443745143648774,0.009372409559486945,1.0
9.123956000166988,0.1091591854828962,0.005325714000572565,0.05386972444754007,0.013810140506259835,0.0
10.178685894049416,0.10905220691378688,0.005527664070693142,0.003319815260254894,0.02251899809074345,0.0
10.476998041621071,0.0954754852515144,0.016582890454472837,0.03939154121286186,0.00035745652337618915,0.0
8.82361223662723,0.10980698694881723,0.010236903577138216,0.004790785953662106,0.011505638458369551,1.0
9.812433376210175,0.09741151352453178,0.01082962594160467,0.004231334812673174,0.013710174601988026,0.0
9.08485170091433,0.10530339801528664,0.001954480555674709,0.011132548577616544,0.006080867639618437,0.0
13.44949610442226,0.06646303698443862,0.007611992965915809,0.009661810516705675,0.004062541891259197,1.0
9.865403845132573,0.09545845995019148,0.011844848474817388,0.024010424985544922,0.00518102593536662,0.0
12.31784822754484,0.0915220214617867,0.01077654506379002,0.0034999367045363636,0.0004528705789864595,0.0
9.706566503788467,0.1013342767276832,0.001383880714585178,0.014706679996163083,0.011487501148441909,0.0
10.388931462302361,0.10183636450845054,0.010828551666628324,0.0026816561249766242,0.016152237669357798,0.0
8.017953892532097,0.10228586525297645,0.011466235214198758,0.009500279532486423,0.03611212305469799,0.0
9.329391112198204,0.11217390970850502,0.0151350479927948,0.004813046852912866,0.04922531539965724,1.0
10.31580200618387,0.09569539399569679,0.007379075524246629,0.012529488845162997,0.012190180538778291,0.0
12.3790057464398,0.07772975446301447,0.0010317251194573163,0.003874884224775686,0.021633525817665793,1.0
10.332974166514406,0.09818877668403017,0.006012916992779379,0.0840993440294172,0.0005991734959705162,1.0
12.075580541789499,0.0795912356826649,0.0056117398445257715,0.006017460849426253,0.025628892081890675,1.0
10.96109366530438,0.07697596435335899,0.012946835511119897,0.01343311509323413,0.00032249200512229177,1.0
12.441102009197028,0.08653331159427827,0.0,0.005955385604299801,0.0004679442909535997,0.0
9.911436674042417,0.10287425054854937,0.008206574159709512,0.037363157299272795,0.0051464982402895905,1.0
13.585334065977706,0.07178309834360434,0.01570318189430902,0.017605295666335886,0.004034404529734551,0.0
9.271905695628815,0.0998302770045995,0.010028849851334539,0.019462999976596975,0.002207408849700782,0.0
8.850307248703496,0.10045546569826543,0.013585267264705696,0.04045547556731756,0.0033167743388091433,0.0
8.184920725466448,0.12438395216748377,0.0034328066657956496,0.014332306480381949,0.004182105034990423,1.0
13.496537007337105,0.08430131140033564,0.003592041947174709,0.022969310760406283,0.004018820728705226,0.0
11.229171358926846,0.09051301198919195,0.015748969831380938,0.00013194549181639695,0.009801762226796169,1.0
9.498818899929537,0.0942515136306285,0.010404861463029012,0.00755580213112289,0.007022439696342105,1.0
